Order ID,Actual Loss,Predicted Loss
CA-2015-121720,0,0
CA-2017-128160,0,0
CA-2016-119935,0,0
CA-2015-117415,1,1
CA-2017-167003,1,1
CA-2017-158876,0,0
CA-2016-127243,1,1
CA-2017-121559,0,0
US-2016-105578,1,1
CA-2014-164469,0,0
CA-2015-111990,1,1
CA-2016-146171,0,0
CA-2016-160220,0,0
US-2016-109260,1,1
US-2017-100048,0,0
US-2015-110569,0,0
CA-2016-154767,0,0
US-2017-107384,0,0
CA-2015-122287,1,1
CA-2017-139311,1,1
CA-2015-121720,1,1
CA-2014-156314,0,0
CA-2017-110884,0,0
US-2017-148054,0,0
CA-2017-131492,0,0
CA-2017-119004,0,0
CA-2016-137848,0,0
CA-2017-158883,0,0
CA-2017-134439,0,0
CA-2017-131954,0,0
CA-2016-157280,0,0
CA-2016-134222,1,1
CA-2017-141439,0,0
CA-2017-118003,0,0
CA-2017-141663,0,0
CA-2014-109904,0,0
CA-2016-117590,0,0
US-2017-101784,1,1
CA-2017-118885,1,1
CA-2017-110310,0,0
CA-2017-143378,0,0
US-2017-112928,0,0
US-2014-150532,0,0
CA-2016-168830,0,0
CA-2015-127453,0,0
CA-2017-114055,0,0
CA-2017-155698,0,0
CA-2017-121615,0,0
US-2016-150140,0,0
CA-2016-100244,0,0
CA-2014-144624,0,0
CA-2016-139010,0,0
US-2015-156797,0,0
CA-2016-131737,0,0
CA-2017-120222,0,0
CA-2016-162187,0,0
CA-2015-130974,0,0
US-2016-162026,0,0
CA-2015-138009,0,0
CA-2016-158302,0,0
CA-2017-157987,0,0
CA-2017-164049,0,0
CA-2017-133823,0,0
US-2016-142251,0,0
US-2017-129441,0,0
CA-2014-164315,0,0
CA-2017-137421,0,0
CA-2017-112172,0,0
CA-2017-157252,0,0
CA-2017-114055,0,0
US-2014-112914,1,1
CA-2015-137974,0,0
CA-2015-101868,1,1
CA-2014-100895,0,0
CA-2015-119592,0,0
CA-2015-149342,0,0
CA-2017-148446,0,0
CA-2017-142867,1,1
US-2016-115819,0,0
CA-2016-107146,0,0
CA-2017-130771,0,0
US-2017-162670,0,0
CA-2016-100587,0,0
CA-2017-130351,0,0
CA-2015-150770,0,0
CA-2017-157273,0,0
CA-2015-126557,0,0
US-2017-139969,1,1
CA-2014-100678,0,0
US-2014-133130,0,0
CA-2014-136567,0,0
CA-2016-158435,0,0
CA-2015-125934,0,0
CA-2017-126046,0,0
CA-2017-140802,0,0
CA-2017-165029,0,0
CA-2017-163139,0,0
CA-2015-127327,0,0
CA-2017-117212,0,0
US-2016-114013,1,1
US-2014-159618,1,1
CA-2014-169775,0,0
CA-2014-156587,0,0
CA-2015-120677,0,0
CA-2014-167199,0,0
CA-2017-121048,0,0
CA-2017-107209,0,0
CA-2017-119389,0,0
CA-2016-142902,0,0
CA-2017-145275,0,0
CA-2015-144253,0,0
CA-2016-122903,0,0
CA-2014-102673,0,0
US-2015-149629,0,0
CA-2016-123050,0,0
CA-2014-152618,0,0
CA-2016-127698,0,0
CA-2017-126914,1,1
CA-2014-159800,0,0
CA-2015-144386,0,0
CA-2015-160696,0,0
CA-2015-102855,0,0
CA-2017-145233,0,0
CA-2017-129294,0,0
CA-2017-121580,0,0
CA-2015-130785,1,1
CA-2016-130820,1,1
CA-2016-163594,0,0
US-2017-113201,0,0
CA-2017-142342,0,0
CA-2015-117800,0,0
CA-2017-161018,0,0
US-2016-157728,0,0
CA-2015-168634,0,0
CA-2014-131947,0,0
CA-2016-103730,0,0
CA-2016-145625,0,0
CA-2015-145394,1,1
US-2015-150630,0,0
CA-2014-111773,0,0
CA-2016-161676,0,0
CA-2016-156265,0,0
CA-2015-153794,0,0
CA-2014-164973,0,0
CA-2014-149538,0,0
CA-2014-115791,1,1
CA-2015-128608,0,0
CA-2017-121580,0,0
CA-2016-152814,0,0
CA-2017-136007,0,0
US-2014-148838,1,1
CA-2017-117632,1,1
US-2015-150630,0,0
CA-2016-141957,1,1
CA-2015-130022,0,0
US-2015-150630,0,0
CA-2016-107615,0,0
US-2014-148194,0,0
CA-2017-158876,0,0
CA-2017-127782,1,1
CA-2017-119004,0,0
CA-2015-109512,0,0
CA-2016-125164,0,0
CA-2016-148698,0,0
CA-2016-159016,0,0
CA-2017-119746,1,1
CA-2015-110247,1,1
CA-2014-123477,0,0
US-2017-133361,0,0
CA-2017-148411,1,1
US-2017-139955,1,1
CA-2017-101959,0,0
CA-2017-125199,0,0
CA-2014-105165,1,1
CA-2015-115945,0,0
US-2014-154655,0,0
CA-2015-132374,0,0
CA-2017-144638,0,0
CA-2014-120096,0,0
CA-2016-137239,1,1
US-2017-122672,1,1
CA-2016-124254,0,0
CA-2015-150441,0,0
CA-2017-140536,0,0
CA-2017-147354,0,0
CA-2016-120824,0,0
CA-2017-107244,0,0
US-2016-156986,1,1
US-2014-113124,0,0
US-2015-103471,1,1
CA-2015-141810,1,1
US-2017-123862,0,0
CA-2014-124513,0,0
CA-2016-144015,0,0
CA-2017-134495,0,0
CA-2014-125612,0,0
CA-2015-117884,1,1
CA-2015-101910,0,0
CA-2015-131884,1,1
CA-2017-117702,0,0
CA-2017-102204,0,0
CA-2015-130365,1,1
CA-2016-104276,0,0
CA-2015-136658,0,0
CA-2014-127691,0,0
CA-2016-107104,0,0
CA-2017-102337,1,1
CA-2015-136735,0,0
CA-2015-156013,0,0
CA-2014-160262,0,0
CA-2015-107937,0,0
CA-2017-164756,0,0
CA-2016-130946,1,1
CA-2016-116232,0,0
CA-2015-145184,0,0
CA-2014-146969,0,0
CA-2017-143567,0,0
CA-2017-158673,0,0
CA-2015-105158,0,0
CA-2014-102988,0,0
CA-2015-165050,0,0
CA-2017-124597,0,0
CA-2016-117681,0,0
CA-2015-100685,0,0
US-2017-106796,0,0
CA-2017-100356,1,1
CA-2017-107629,1,1
US-2015-160857,0,0
CA-2016-152331,0,0
CA-2015-155635,0,0
CA-2016-166485,0,0
US-2017-133361,0,0
CA-2015-113110,0,0
CA-2015-100216,0,0
CA-2015-164567,0,0
CA-2016-127208,0,0
CA-2014-163223,0,0
CA-2016-112830,0,0
CA-2014-109680,0,0
CA-2015-156566,0,0
CA-2016-141397,1,1
CA-2017-163069,0,0
CA-2017-124828,0,0
US-2016-144477,0,0
CA-2015-149587,0,0
CA-2014-156433,0,0
CA-2017-152856,0,0
CA-2017-129378,0,0
US-2014-111171,1,1
CA-2016-152471,0,0
US-2016-115441,0,0
CA-2015-152681,0,0
US-2014-123183,0,0
CA-2014-105249,0,0
CA-2014-169019,1,1
CA-2017-167941,1,1
CA-2017-118346,0,0
US-2017-107384,0,0
CA-2015-106978,0,0
CA-2017-156951,0,0
CA-2015-132465,0,0
CA-2015-104059,0,0
CA-2016-160598,0,0
CA-2014-115973,0,0
CA-2017-167661,0,0
CA-2014-151078,0,0
CA-2017-149489,0,0
CA-2017-127432,0,0
CA-2016-128916,1,1
CA-2017-100223,1,1
CA-2014-164385,0,0
US-2017-142573,1,1
CA-2017-105410,0,0
CA-2017-126676,0,0
CA-2016-133144,0,0
CA-2014-162775,0,0
CA-2016-137736,0,0
CA-2017-136448,0,0
CA-2016-159695,0,0
CA-2015-163104,0,0
US-2015-122140,1,1
CA-2016-124352,0,0
US-2016-169369,0,0
CA-2015-107678,0,0
CA-2015-162201,1,1
CA-2016-109057,0,0
CA-2014-133809,1,1
CA-2016-156748,0,0
US-2014-150434,0,0
CA-2014-162775,0,0
CA-2017-127026,0,0
CA-2016-108105,0,0
CA-2014-124730,0,0
CA-2017-132521,0,0
US-2016-143819,0,0
CA-2017-111647,0,0
CA-2017-162572,0,0
CA-2017-154039,1,1
CA-2017-103065,1,1
CA-2017-130106,0,0
CA-2016-155033,0,0
CA-2017-119004,0,0
CA-2016-155670,0,0
CA-2017-151428,0,0
US-2016-144393,1,1
US-2017-113992,1,1
US-2014-164763,0,0
CA-2016-118626,0,0
CA-2017-129021,0,0
CA-2017-122105,0,0
CA-2017-120168,0,0
CA-2017-139437,0,0
CA-2015-127502,0,0
CA-2017-100237,0,0
CA-2016-161781,0,0
CA-2015-114468,0,0
CA-2014-116834,0,0
CA-2014-135699,0,0
CA-2017-145660,0,0
CA-2017-100160,0,0
US-2017-130687,0,0
CA-2015-164441,0,0
CA-2014-121006,0,0
CA-2017-166317,0,0
CA-2017-100412,0,0
CA-2014-157147,0,0
CA-2016-143714,1,1
CA-2017-158722,0,0
CA-2016-166282,0,0
CA-2014-167199,0,0
CA-2015-104346,1,1
CA-2017-121489,0,0
CA-2015-119690,1,1
CA-2016-102127,0,0
CA-2015-118871,0,0
CA-2017-137463,0,0
CA-2016-101385,0,0
US-2016-108504,0,0
CA-2017-152310,0,0
CA-2017-151211,0,0
CA-2017-128363,0,0
CA-2014-164469,0,0
CA-2015-109386,0,0
CA-2017-168641,0,0
CA-2017-148145,0,0
CA-2016-119074,0,0
CA-2017-169005,0,0
CA-2015-132633,0,0
US-2015-134558,0,0
US-2015-116981,0,0
CA-2015-138009,0,0
US-2014-143287,0,0
CA-2016-145303,1,1
CA-2016-154067,0,0
US-2016-137295,0,0
CA-2017-136623,0,0
CA-2016-105585,0,0
US-2017-135013,0,0
US-2017-155866,0,0
US-2016-114013,0,0
CA-2014-140403,0,0
CA-2017-164917,0,0
CA-2015-149713,0,0
CA-2015-130113,0,0
CA-2014-109918,0,0
CA-2017-135307,0,0
CA-2015-129392,0,0
US-2014-164763,0,0
CA-2016-152534,0,0
CA-2014-120950,0,0
CA-2015-130253,0,0
CA-2017-104864,0,0
CA-2016-101672,0,0
CA-2017-127705,1,1
CA-2017-111815,0,0
CA-2016-121748,0,0
CA-2014-160773,0,0
CA-2017-122595,1,1
US-2014-146353,0,0
CA-2015-130659,0,0
CA-2017-158407,0,0
CA-2016-127138,0,0
CA-2015-160472,0,0
CA-2015-105613,0,0
US-2017-109253,0,0
CA-2014-166863,0,0
CA-2015-161998,0,0
CA-2017-137463,0,0
US-2014-140452,1,1
CA-2015-112116,0,0
CA-2016-158778,0,0
CA-2015-141593,0,0
CA-2016-163776,0,0
CA-2015-117961,0,0
CA-2016-129280,0,0
CA-2015-102778,0,0
US-2015-118983,1,1
CA-2017-133102,0,0
CA-2015-146675,1,1
CA-2017-152142,0,0
CA-2015-166492,0,0
CA-2014-146591,0,0
US-2016-126452,1,1
CA-2017-161459,0,0
US-2015-126977,0,0
CA-2017-118003,0,0
US-2016-150147,1,1
CA-2017-140872,0,0
CA-2014-127446,1,1
US-2016-102232,0,0
CA-2016-108882,0,0
CA-2016-162236,0,0
CA-2016-153269,0,0
US-2014-106992,1,1
US-2014-117170,0,0
CA-2017-147207,1,1
CA-2015-161445,0,0
US-2017-162558,1,1
CA-2017-106859,0,0
CA-2017-134152,0,0
CA-2016-167759,0,0
CA-2017-156776,0,0
US-2016-115441,0,0
CA-2017-131156,0,0
US-2014-157021,0,0
CA-2017-102379,0,0
CA-2016-103359,0,0
CA-2016-121671,0,0
US-2016-110156,1,1
CA-2016-155516,0,0
CA-2016-147109,0,0
CA-2016-157161,0,0
CA-2017-132738,0,0
CA-2017-115931,0,0
CA-2017-134194,1,1
CA-2017-167395,0,0
CA-2016-127761,0,0
CA-2014-136567,0,0
CA-2014-115791,0,0
CA-2016-126732,0,0
CA-2017-135279,0,0
CA-2014-124646,0,0
CA-2016-145898,0,0
CA-2016-120558,0,0
CA-2014-125136,0,0
US-2017-118556,1,1
US-2017-163790,0,0
CA-2014-120670,0,0
CA-2017-157987,0,0
CA-2014-166961,0,0
CA-2017-167227,0,0
CA-2017-125451,0,0
CA-2016-158568,1,1
US-2015-134271,0,0
CA-2017-121125,1,1
US-2017-152380,1,1
US-2017-118038,1,1
CA-2017-138149,0,0
US-2016-116729,0,0
CA-2015-167010,0,0
CA-2015-154795,0,0
US-2015-141453,1,1
CA-2014-166730,1,1
CA-2014-154627,0,0
CA-2016-101791,1,1
CA-2016-120824,1,1
CA-2015-161452,0,0
CA-2017-149559,0,0
CA-2017-134306,0,0
CA-2016-137050,0,0
CA-2017-169054,0,0
US-2016-112396,0,0
CA-2016-133697,0,0
CA-2015-119550,1,1
CA-2017-157931,0,0
CA-2014-124478,0,0
CA-2017-111332,0,0
CA-2015-168767,0,0
US-2015-108966,1,1
CA-2017-119284,0,0
CA-2015-117800,0,0
CA-2017-155460,0,0
CA-2016-130400,1,1
CA-2016-118689,0,0
CA-2016-160479,0,0
CA-2016-110772,0,0
CA-2017-101014,0,0
CA-2016-104157,0,0
CA-2017-131233,0,0
CA-2017-102414,0,0
CA-2016-123722,0,0
US-2014-164406,0,0
CA-2015-132626,0,0
CA-2016-164399,0,0
US-2016-135209,0,0
CA-2015-129917,0,0
CA-2015-139780,0,0
CA-2017-141614,0,0
US-2017-146878,1,1
CA-2017-119011,0,0
CA-2014-106229,1,1
CA-2016-166674,0,0
US-2017-143175,0,0
CA-2015-100734,1,1
CA-2016-145583,0,0
CA-2016-124667,0,0
CA-2015-147830,1,1
CA-2017-164168,1,1
CA-2015-109603,0,0
CA-2016-165673,0,0
CA-2016-166163,0,0
CA-2017-167395,0,0
CA-2015-116687,0,0
CA-2016-158155,0,0
CA-2017-166576,1,1
CA-2015-162376,0,0
US-2016-116729,0,0
CA-2015-138954,0,0
CA-2017-147403,0,0
CA-2016-109743,0,0
US-2016-168095,0,0
CA-2014-157882,0,0
CA-2017-108560,0,0
CA-2014-167927,0,0
US-2014-160444,1,1
US-2016-141544,1,1
US-2016-148901,0,0
CA-2017-131954,0,0
CA-2016-155670,1,1
CA-2016-143441,0,0
CA-2017-164959,0,0
CA-2017-103380,0,0
CA-2017-101574,0,0
US-2014-147627,0,0
CA-2015-135020,0,0
CA-2016-136686,0,0
CA-2015-125563,0,0
CA-2017-101182,0,0
CA-2015-158351,0,0
CA-2016-128818,0,0
US-2014-112949,0,0
CA-2015-164882,0,0
CA-2016-101987,0,0
US-2016-160528,1,1
CA-2015-115168,0,0
CA-2017-121300,0,0
CA-2014-114314,0,0
CA-2016-167556,0,0
CA-2014-110786,0,0
US-2017-120418,0,0
CA-2014-169019,1,1
CA-2017-169999,0,0
US-2017-133361,0,0
CA-2015-153717,0,0
US-2015-127040,0,0
CA-2014-131387,0,0
CA-2014-120768,0,0
US-2016-167472,0,0
CA-2014-110639,0,0
CA-2015-110863,0,0
CA-2015-117828,0,0
CA-2016-101791,0,0
US-2015-113327,0,0
CA-2016-100244,0,0
CA-2017-166317,0,0
CA-2016-109743,0,0
CA-2017-155376,0,0
CA-2017-104864,0,0
CA-2017-100811,0,0
CA-2016-103982,0,0
CA-2016-106530,0,0
CA-2016-102813,0,0
CA-2016-151561,0,0
CA-2016-102561,0,0
CA-2017-129378,0,0
CA-2014-158372,0,0
US-2015-115238,0,0
CA-2016-124352,0,0
CA-2016-106915,0,0
CA-2014-145317,1,1
US-2014-140914,1,1
CA-2014-140039,0,0
CA-2017-139199,0,0
CA-2016-118101,0,0
CA-2017-138156,1,1
CA-2015-110877,0,0
CA-2014-140165,0,0
CA-2017-161172,1,1
CA-2014-148040,0,0
CA-2016-108868,0,0
CA-2015-110667,0,0
CA-2017-119809,0,0
US-2017-133081,0,0
CA-2014-130449,0,0
CA-2016-152156,0,0
CA-2016-139381,0,0
CA-2014-103849,0,0
CA-2016-129714,0,0
CA-2014-103310,0,0
CA-2014-140403,0,0
CA-2017-123134,0,0
CA-2016-162383,1,1
US-2016-157945,1,1
US-2016-160528,1,1
CA-2015-109190,0,0
CA-2017-124205,0,0
CA-2017-141705,1,1
CA-2017-111577,0,0
CA-2014-147298,0,0
US-2017-164147,0,0
CA-2015-106187,0,0
CA-2016-160304,0,0
CA-2015-126725,0,0
CA-2017-138779,0,0
CA-2016-168361,1,1
CA-2017-105410,0,0
US-2016-110156,1,1
CA-2017-168228,0,0
CA-2015-120901,0,0
CA-2015-116092,0,0
US-2017-110646,1,1
CA-2014-135405,0,0
US-2017-118535,0,0
CA-2015-103793,0,0
US-2015-122140,0,0
CA-2014-128237,0,0
CA-2017-153871,0,0
CA-2016-151155,0,0
CA-2014-112291,0,0
US-2017-147886,0,0
CA-2016-105732,0,0
CA-2016-122017,0,0
CA-2014-128538,0,0
US-2016-152051,1,1
CA-2015-141145,0,0
CA-2014-125997,1,1
CA-2017-161130,0,0
CA-2015-155040,0,0
CA-2016-103947,0,0
CA-2015-130974,0,0
CA-2016-151141,0,0
CA-2014-160094,0,0
US-2017-141558,0,0
CA-2014-119375,0,0
CA-2017-130386,1,1
CA-2015-168564,0,0
CA-2017-142293,0,0
CA-2014-164259,0,0
CA-2017-167640,0,0
CA-2017-114216,0,0
CA-2014-145212,0,0
CA-2016-154018,1,1
US-2017-114034,0,0
CA-2016-120369,0,0
US-2014-112991,0,0
CA-2014-105417,1,1
CA-2014-122588,0,0
US-2015-156867,1,1
CA-2016-145898,0,0
US-2016-154361,0,0
CA-2015-116876,0,0
US-2016-114013,1,1
CA-2014-138128,0,0
CA-2015-103135,0,0
CA-2015-156153,0,0
CA-2017-166856,0,0
CA-2017-103611,0,0
CA-2014-127299,1,1
CA-2017-144064,0,0
CA-2016-158778,0,0
CA-2017-140298,1,1
CA-2014-166086,0,0
US-2015-166520,0,0
CA-2016-139997,0,0
CA-2016-126529,0,0
CA-2015-116092,0,0
CA-2016-133711,0,0
CA-2014-101560,0,0
CA-2014-115812,0,0
CA-2017-140760,0,0
CA-2014-141110,0,0
CA-2014-107594,0,0
US-2017-166688,0,0
US-2017-118087,0,0
CA-2017-156951,0,0
US-2016-151260,0,0
US-2016-126431,0,0
CA-2016-143154,1,1
US-2017-152002,0,0
CA-2014-157546,0,0
CA-2017-147228,0,0
CA-2016-115588,1,1
CA-2015-123939,0,0
CA-2016-167507,0,0
CA-2016-146913,0,0
CA-2014-163223,0,0
US-2017-108315,1,1
US-2015-159499,0,0
CA-2017-159149,1,1
CA-2014-167927,0,0
US-2016-150357,1,1
US-2014-121566,0,0
CA-2015-104626,0,0
CA-2014-163223,0,0
US-2017-147669,1,1
CA-2015-135251,0,0
CA-2014-145317,0,0
CA-2016-106950,0,0
CA-2017-137876,0,0
CA-2016-104633,0,0
CA-2016-117590,1,1
CA-2015-119102,0,0
CA-2017-121048,0,0
CA-2017-147228,1,1
CA-2017-155929,0,0
CA-2015-167010,1,1
US-2017-128951,0,0
CA-2016-108868,0,0
CA-2017-132262,0,0
CA-2017-124401,0,0
CA-2015-149713,0,0
US-2015-147242,0,0
US-2017-162558,0,0
CA-2015-129917,0,0
US-2017-106131,0,0
CA-2014-115336,1,1
CA-2015-133242,0,0
US-2016-113985,0,0
CA-2015-156734,0,0
CA-2016-119963,0,0
CA-2016-120355,0,0
CA-2017-125752,0,0
CA-2014-103310,0,0
CA-2015-164882,0,0
CA-2015-130022,0,0
CA-2014-143210,0,0
CA-2016-119018,0,0
CA-2016-141586,0,0
US-2016-123470,0,0
CA-2016-169194,0,0
CA-2016-147431,0,0
US-2017-147886,0,0
CA-2016-142398,0,0
CA-2017-121853,0,0
CA-2016-151092,0,0
CA-2017-100524,0,0
CA-2014-146815,0,0
CA-2015-135251,1,1
US-2017-148831,0,0
CA-2016-161025,0,0
US-2017-167920,0,0
CA-2017-113355,1,1
CA-2017-151484,0,0
CA-2017-116358,0,0
CA-2015-120901,1,1
CA-2017-150910,0,0
CA-2014-102645,0,0
CA-2014-137092,0,0
CA-2016-101546,0,0
CA-2017-113418,0,0
US-2017-139465,0,0
CA-2016-162390,0,0
CA-2015-114237,0,0
US-2016-146710,1,1
CA-2014-103331,0,0
CA-2017-152786,0,0
CA-2017-142342,0,0
US-2017-167402,0,0
CA-2014-102869,1,1
CA-2017-101959,0,0
CA-2014-144029,1,1
CA-2017-140949,0,0
CA-2014-158771,0,0
CA-2017-151008,0,0
CA-2017-160934,0,0
CA-2017-142034,0,0
CA-2016-115588,1,1
CA-2017-163860,1,1
US-2017-163790,0,0
US-2014-138247,0,0
US-2017-163790,0,0
US-2015-115238,0,0
CA-2017-167549,1,1
CA-2014-124730,0,0
US-2014-112200,1,1
CA-2014-140396,0,0
CA-2015-104941,0,0
US-2014-144078,0,0
CA-2017-104927,1,1
CA-2014-129091,0,0
CA-2015-109113,0,0
CA-2015-128139,0,0
US-2016-157490,1,1
CA-2017-167640,0,0
CA-2017-117436,0,0
CA-2017-126242,0,0
CA-2015-137946,0,0
US-2017-105697,0,0
CA-2015-121552,0,0
CA-2014-145387,0,0
CA-2014-101364,0,0
CA-2017-169607,0,0
CA-2017-137449,1,1
CA-2017-133102,1,1
CA-2015-119942,0,0
CA-2017-149895,1,1
US-2017-156909,1,1
CA-2017-117870,0,0
CA-2015-168207,0,0
CA-2017-141733,0,0
CA-2015-141593,0,0
CA-2016-101329,0,0
CA-2016-134775,0,0
CA-2016-157511,0,0
CA-2016-137729,0,0
CA-2014-142769,0,0
CA-2016-108364,1,1
CA-2015-115938,0,0
CA-2017-161410,0,0
CA-2017-107629,1,1
CA-2014-111500,0,0
CA-2015-134075,0,0
CA-2014-123064,0,0
CA-2014-119151,0,0
US-2017-116897,0,0
CA-2014-154893,0,0
CA-2017-163629,0,0
US-2016-139262,1,1
CA-2014-128146,0,0
US-2017-163300,0,0
CA-2017-162691,1,1
US-2015-106873,0,0
CA-2015-112452,0,0
CA-2017-117212,0,0
CA-2014-166989,0,0
CA-2016-124352,0,0
CA-2016-101525,0,0
CA-2015-104514,0,0
US-2016-118780,0,0
CA-2015-114069,0,0
CA-2014-143903,1,1
CA-2017-148922,0,0
CA-2016-152457,0,0
CA-2016-132990,0,0
CA-2016-118073,1,1
CA-2017-167941,0,0
CA-2016-148852,0,0
US-2017-102638,0,0
CA-2014-110555,0,0
CA-2015-112452,0,0
CA-2017-150525,0,0
CA-2014-101602,1,1
US-2015-157014,1,1
US-2016-131611,1,1
CA-2017-129833,0,0
CA-2016-162082,1,1
CA-2014-125556,0,0
US-2015-160857,0,0
CA-2014-107181,0,0
CA-2017-120376,0,0
CA-2017-117863,0,0
CA-2016-169663,0,0
US-2014-138758,0,0
CA-2017-148922,0,0
US-2016-115441,0,0
CA-2016-105662,0,0
CA-2015-150714,1,1
CA-2016-134334,0,0
CA-2016-112697,1,1
US-2014-147627,0,0
CA-2017-108791,0,0
CA-2015-104514,0,0
CA-2017-122490,0,0
CA-2015-143364,0,0
CA-2014-124807,0,0
CA-2014-159849,0,0
CA-2016-168046,0,0
CA-2014-142769,0,0
CA-2016-156685,0,0
CA-2015-130736,0,0
CA-2016-110772,0,0
CA-2016-116526,0,0
CA-2017-155621,0,0
US-2017-124968,1,1
CA-2014-139892,1,1
CA-2016-111010,0,0
US-2015-126235,0,0
US-2017-104094,0,0
CA-2017-147452,0,0
US-2015-100377,0,0
CA-2014-167850,0,0
CA-2017-134096,0,0
CA-2014-125542,0,0
CA-2015-151547,0,0
CA-2014-131926,0,0
CA-2016-146941,0,0
CA-2016-140774,0,0
CA-2014-103310,0,0
US-2016-144057,1,1
CA-2015-115742,0,0
CA-2016-158694,0,0
CA-2017-130148,0,0
CA-2015-161718,0,0
CA-2016-130407,0,0
CA-2016-103107,0,0
CA-2014-148488,0,0
CA-2016-106950,1,1
CA-2016-133550,0,0
CA-2015-134992,0,0
CA-2017-112529,0,0
CA-2016-106621,0,0
US-2014-147648,0,0
CA-2017-161970,0,0
CA-2014-131926,0,0
CA-2017-144526,1,1
CA-2017-107174,0,0
CA-2014-138359,0,0
CA-2017-117044,0,0
CA-2017-151799,0,0
CA-2017-157931,0,0
CA-2017-107629,0,0
US-2016-163881,0,0
CA-2015-119214,0,0
CA-2014-102274,0,0
CA-2017-101749,1,1
US-2014-164616,0,0
CA-2017-136448,1,1
CA-2014-155264,0,0
CA-2016-163398,0,0
CA-2015-122973,0,0
CA-2016-166674,0,0
US-2017-140907,0,0
CA-2017-144638,1,1
US-2017-163300,0,0
CA-2014-104738,0,0
US-2016-110156,0,0
US-2015-138121,0,0
US-2016-108777,0,0
CA-2017-108070,0,0
CA-2017-103065,0,0
US-2017-168116,1,1
CA-2016-164784,1,1
CA-2017-162936,0,0
CA-2015-109638,0,0
US-2017-165344,0,0
CA-2015-138534,1,1
CA-2016-153836,0,0
CA-2017-122035,0,0
CA-2014-164973,0,0
CA-2015-164539,0,0
US-2015-160857,0,0
CA-2016-156748,0,0
CA-2016-145919,0,0
CA-2016-158211,1,1
CA-2014-153913,0,0
US-2016-134656,0,0
CA-2017-117457,0,0
US-2017-132444,0,0
CA-2017-131828,0,0
CA-2017-143798,0,0
CA-2017-159352,0,0
CA-2014-156244,0,0
CA-2016-121370,0,0
CA-2017-120705,1,1
CA-2014-155264,0,0
CA-2015-143616,0,0
CA-2016-113600,1,1
CA-2016-130638,0,0
US-2015-144771,1,1
US-2017-153948,0,0
CA-2014-149104,0,0
CA-2014-146500,0,0
CA-2017-118136,0,0
CA-2014-134551,0,0
CA-2014-125136,0,0
CA-2017-138870,0,0
CA-2017-100223,1,1
CA-2017-101182,0,0
CA-2017-110310,1,1
CA-2015-143105,0,0
CA-2017-159135,0,0
CA-2017-163335,0,0
CA-2014-160766,0,0
US-2016-133879,0,0
US-2017-147669,0,0
CA-2017-161102,0,0
CA-2016-157217,0,0
CA-2017-146185,0,0
CA-2014-131009,1,1
CA-2017-131807,1,1
US-2016-161396,1,1
CA-2017-109701,0,0
CA-2015-110632,0,0
CA-2017-169474,0,0
CA-2015-116638,1,1
CA-2016-100244,0,0
US-2016-138408,0,0
CA-2016-142405,0,0
CA-2016-149979,0,0
CA-2016-136770,1,1
CA-2016-110982,0,0
CA-2016-100300,0,0
CA-2016-133368,0,0
CA-2017-136497,1,1
CA-2017-166093,0,0
CA-2017-134845,1,1
CA-2016-161207,0,0
CA-2017-163405,0,0
CA-2017-114055,0,0
CA-2015-119508,0,0
CA-2017-110884,0,0
CA-2015-112130,1,1
US-2014-117163,0,0
CA-2015-111164,0,0
CA-2017-164707,0,0
CA-2017-117324,0,0
CA-2017-127726,0,0
CA-2016-120530,0,0
US-2014-143721,1,1
CA-2017-136511,0,0
CA-2014-144666,0,0
CA-2015-141243,0,0
CA-2017-101210,0,0
CA-2015-135363,0,0
CA-2016-135965,0,0
CA-2015-148180,0,0
CA-2017-152583,1,1
CA-2017-137414,0,0
CA-2017-104913,0,0
CA-2016-165470,0,0
CA-2014-126403,0,0
CA-2016-166443,0,0
CA-2015-162887,0,0
CA-2014-100706,0,0
CA-2014-148614,0,0
CA-2015-156146,0,0
CA-2016-119865,0,0
CA-2017-154074,0,0
CA-2016-154081,0,0
US-2017-163657,1,1
CA-2017-111220,1,1
CA-2014-146500,0,0
US-2015-116981,0,0
CA-2016-150007,0,0
CA-2017-104864,1,1
CA-2015-100251,0,0
CA-2016-105081,0,0
CA-2014-109127,0,0
CA-2017-141117,0,0
CA-2015-111780,0,0
CA-2016-119025,0,0
CA-2015-124450,0,0
CA-2014-138527,0,0
CA-2017-104731,0,0
CA-2017-157966,0,0
CA-2017-112809,0,0
US-2017-142188,0,0
CA-2017-143259,0,0
CA-2016-138478,0,0
CA-2015-123155,0,0
US-2014-114188,0,0
CA-2014-131450,0,0
CA-2015-118444,0,0
CA-2016-115756,0,0
CA-2014-162089,0,0
CA-2017-105823,0,0
CA-2016-126732,0,0
CA-2014-115812,0,0
CA-2017-164378,0,0
CA-2014-128209,1,1
CA-2014-118339,0,0
US-2017-162208,0,0
CA-2015-149587,0,0
CA-2017-112809,1,1
CA-2017-135419,0,0
CA-2014-126480,0,0
CA-2016-125164,0,0
CA-2015-144722,0,0
CA-2016-146633,0,0
CA-2016-110772,1,1
CA-2016-101672,0,0
CA-2014-109890,0,0
CA-2015-156510,0,0
US-2017-147655,1,1
CA-2014-145254,0,0
CA-2016-118500,0,0
CA-2015-161795,0,0
CA-2017-150266,1,1
CA-2015-122210,1,1
CA-2016-110254,0,0
US-2017-106145,0,0
US-2017-132206,1,1
CA-2015-154900,0,0
US-2015-115238,0,0
CA-2017-128965,0,0
US-2017-167920,0,0
CA-2016-118311,0,0
CA-2014-103317,0,0
CA-2017-120936,0,0
CA-2017-156363,0,0
CA-2015-155306,0,0
CA-2017-119809,0,0
CA-2016-128671,0,0
CA-2017-130036,0,0
CA-2017-106859,0,0
CA-2017-122798,0,0
CA-2016-165561,0,0
CA-2015-145324,0,0
US-2016-146066,1,1
CA-2014-104773,0,0
CA-2015-158701,0,0
CA-2015-163181,0,0
CA-2017-127180,0,0
CA-2016-112123,0,0
CA-2016-108616,0,0
US-2014-161305,0,0
CA-2015-140410,0,0
CA-2016-137337,0,0
CA-2015-153878,0,0
CA-2017-161809,0,0
CA-2014-147298,0,0
CA-2015-106208,1,1
US-2014-134733,0,0
CA-2016-158694,0,0
CA-2015-119291,1,1
CA-2016-146437,0,0
CA-2017-147032,0,0
CA-2017-128265,0,0
US-2016-127334,0,0
CA-2016-125017,1,1
CA-2016-152163,0,0
CA-2017-166695,1,1
CA-2015-149748,0,0
CA-2017-148810,0,0
CA-2017-140186,0,0
CA-2017-151218,0,0
CA-2017-160724,0,0
US-2017-105830,1,1
US-2017-125647,1,1
CA-2017-141446,0,0
CA-2014-110555,0,0
CA-2017-156776,0,0
CA-2017-152912,0,0
US-2016-163461,0,0
CA-2017-143329,0,0
US-2015-153374,0,0
US-2017-156356,1,1
CA-2014-104829,0,0
CA-2016-159009,0,0
CA-2014-149958,0,0
CA-2014-138317,0,0
CA-2014-137092,0,0
US-2014-134971,1,1
CA-2016-126004,0,0
CA-2015-124975,1,1
US-2016-104815,0,0
US-2014-140452,1,1
US-2017-109484,1,1
CA-2015-104129,0,0
CA-2016-106950,0,0
CA-2017-152695,0,0
CA-2016-164896,0,0
CA-2017-153843,0,0
US-2016-169040,0,0
CA-2017-117821,0,0
CA-2017-105620,0,0
CA-2016-114972,1,1
CA-2014-106726,0,0
CA-2014-122931,1,1
US-2016-105452,1,1
US-2015-131359,0,0
US-2016-135923,0,0
CA-2015-104346,0,0
CA-2016-118689,0,0
CA-2016-140746,1,1
CA-2014-159709,0,0
US-2016-108455,0,0
US-2016-126452,0,0
CA-2016-165330,0,0
CA-2014-165393,1,1
CA-2016-116596,0,0
US-2016-144211,0,0
CA-2015-137281,0,0
CA-2014-143336,0,0
CA-2014-149244,0,0
CA-2016-164483,0,0
CA-2016-163202,1,1
CA-2016-101525,0,0
CA-2017-117646,0,0
CA-2017-139353,0,0
CA-2014-151995,0,0
CA-2017-107321,0,0
CA-2017-152093,1,1
CA-2016-151155,0,0
CA-2014-166863,0,0
CA-2016-120873,0,0
CA-2017-160031,0,0
CA-2016-162726,0,0
CA-2014-146969,0,0
CA-2016-102456,0,0
CA-2016-140501,0,0
CA-2017-116519,0,0
CA-2016-101672,0,0
CA-2016-168032,1,1
CA-2016-128517,0,0
CA-2017-126067,0,0
CA-2015-121720,1,1
CA-2015-108259,1,1
CA-2017-108112,0,0
CA-2015-156923,0,0
CA-2017-117947,0,0
CA-2014-122609,1,1
US-2017-167920,0,0
CA-2016-164490,0,0
CA-2016-116918,1,1
CA-2016-169103,0,0
CA-2017-110842,0,0
CA-2017-131828,0,0
CA-2016-154018,1,1
US-2016-146710,0,0
CA-2015-169397,0,0
CA-2016-103982,1,1
CA-2015-138009,0,0
CA-2017-102204,1,1
US-2015-138919,1,1
CA-2016-139395,0,0
CA-2016-117583,0,0
US-2014-138247,0,0
CA-2014-155390,0,0
CA-2015-154284,1,1
CA-2017-156776,0,0
CA-2015-100818,1,1
CA-2016-129714,0,0
CA-2017-112529,1,1
US-2017-105998,0,0
CA-2017-152975,1,1
CA-2015-121783,0,0
CA-2016-157749,1,1
CA-2017-115931,0,0
CA-2015-164882,0,0
CA-2017-154116,0,0
CA-2016-123946,0,0
CA-2014-168494,0,0
CA-2017-107125,0,0
CA-2016-134110,0,0
CA-2014-136399,0,0
CA-2015-126697,1,1
CA-2015-108665,0,0
CA-2015-149083,0,0
CA-2016-141523,0,0
US-2016-132577,0,0
CA-2017-124716,0,0
US-2017-145863,1,1
CA-2016-102792,0,0
CA-2016-139941,0,0
CA-2017-169978,0,0
US-2017-125717,0,0
US-2017-153633,0,0
US-2017-103226,0,0
CA-2017-113908,1,1
US-2017-108245,0,0
CA-2017-148404,0,0
CA-2014-107706,0,0
CA-2016-106243,1,1
CA-2014-155264,0,0
CA-2016-132017,1,1
US-2014-158057,1,1
CA-2016-130162,0,0
CA-2016-152555,0,0
CA-2017-139822,0,0
CA-2016-159009,1,1
CA-2016-109820,1,1
US-2014-164406,1,1
CA-2015-168564,0,0
CA-2016-127243,0,0
CA-2015-144274,0,0
CA-2017-147144,0,0
CA-2017-143259,0,0
CA-2017-112900,0,0
CA-2016-138037,0,0
CA-2016-141957,0,0
CA-2014-159310,0,0
CA-2015-137925,0,0
CA-2017-100902,0,0
CA-2016-158778,1,1
US-2017-148362,0,0
CA-2017-149181,1,1
CA-2016-140935,0,0
CA-2016-161746,0,0
CA-2017-163531,0,0
CA-2016-113747,0,0
US-2015-103996,0,0
CA-2014-169019,1,1
CA-2015-127481,0,0
CA-2014-121573,0,0
US-2017-132297,0,0
CA-2017-114055,0,0
CA-2017-161102,0,0
CA-2014-151379,0,0
CA-2014-112837,0,0
CA-2016-145548,0,0
CA-2014-124429,0,0
US-2016-141264,1,1
CA-2017-134306,0,0
CA-2017-146493,0,0
US-2017-126060,1,1
CA-2014-142769,0,0
CA-2017-107132,0,0
CA-2014-139017,0,0
CA-2016-163986,0,0
CA-2016-134110,0,0
US-2016-112396,0,0
CA-2014-119144,0,0
CA-2015-123568,0,0
CA-2017-133487,0,0
US-2015-154389,1,1
CA-2015-147011,0,0
CA-2015-155761,0,0
CA-2014-162775,0,0
US-2015-106873,0,0
US-2014-167262,0,0
CA-2016-126004,0,0
CA-2017-117044,0,0
CA-2014-132801,0,0
US-2014-159618,0,0
CA-2017-122490,0,0
CA-2017-143112,0,0
CA-2014-115357,0,0
CA-2017-121615,0,0
CA-2014-112158,1,1
CA-2015-145352,0,0
CA-2017-169859,0,0
CA-2016-162383,1,1
CA-2014-167927,0,0
CA-2017-104024,0,0
CA-2016-133613,0,0
CA-2015-123232,0,0
CA-2015-102015,0,0
CA-2014-144414,0,0
CA-2017-112956,0,0
CA-2015-132276,0,0
CA-2017-130526,1,1
CA-2017-124296,0,0
CA-2017-146136,0,0
CA-2017-153080,0,0
US-2016-158288,1,1
CA-2014-146640,0,0
CA-2017-116127,1,1
US-2017-100048,0,0
CA-2014-151792,0,0
CA-2014-168494,0,0
US-2014-150434,0,0
CA-2015-137064,0,0
CA-2014-149538,0,0
CA-2014-153150,0,0
CA-2016-127236,1,1
CA-2017-132122,0,0
CA-2016-107104,0,0
CA-2016-106397,0,0
CA-2017-134845,0,0
US-2014-140914,1,1
CA-2015-146262,0,0
CA-2017-142643,0,0
CA-2015-133242,0,0
CA-2014-158540,0,0
CA-2016-162138,0,0
CA-2017-136308,0,0
CA-2016-126795,0,0
CA-2017-153045,1,1
CA-2015-137946,0,0
CA-2017-100111,0,0
CA-2017-169810,0,0
US-2014-157021,0,0
CA-2016-106383,1,1
US-2017-100930,1,1
CA-2014-101770,1,1
CA-2015-115693,0,0
CA-2015-165162,0,0
US-2015-129007,0,0
CA-2015-117961,0,0
CA-2014-141278,0,0
CA-2017-152485,1,1
CA-2015-133452,1,1
CA-2017-126067,0,0
CA-2017-128699,0,0
CA-2014-140662,0,0
CA-2016-110009,0,0
CA-2016-162159,0,0
CA-2017-104220,0,0
US-2014-128685,0,0
CA-2015-131128,0,0
CA-2014-168312,1,1
CA-2016-155992,0,0
CA-2016-140018,0,0
US-2016-111563,1,1
CA-2016-160941,0,0
CA-2016-113733,1,1
CA-2014-157623,0,0
CA-2014-110184,0,0
CA-2014-123925,0,0
CA-2016-100993,0,0
CA-2017-117457,1,1
CA-2017-143063,0,0
CA-2015-145849,0,0
CA-2015-120446,0,0
CA-2015-151253,0,0
US-2017-102890,1,1
CA-2017-101700,0,0
CA-2015-132941,0,0
CA-2014-169684,1,1
US-2016-159856,1,1
CA-2017-166695,0,0
CA-2015-124058,1,1
CA-2017-152912,0,0
CA-2017-144589,0,0
US-2017-102183,0,0
US-2016-131149,1,1
CA-2017-151176,0,0
CA-2016-169824,0,0
CA-2016-168354,0,0
CA-2016-114209,0,0
CA-2016-160234,0,0
CA-2016-147585,0,0
US-2016-115819,0,0
US-2015-106495,1,1
CA-2015-164882,0,0
CA-2015-135314,0,0
CA-2015-132486,0,0
CA-2016-132066,1,1
US-2014-137869,0,0
CA-2015-100216,0,0
CA-2016-111493,0,0
CA-2016-136301,0,0
CA-2017-138464,0,0
CA-2015-117611,0,0
CA-2017-127285,0,0
CA-2015-168459,0,0
CA-2016-163328,0,0
US-2016-146710,0,0
CA-2014-113887,0,0
CA-2015-130792,0,0
CA-2017-127096,0,0
CA-2017-130141,1,1
CA-2014-119977,0,0
CA-2015-163965,1,1
CA-2015-111234,0,0
CA-2016-144785,0,0
CA-2014-151001,0,0
CA-2014-133543,0,0
CA-2014-138317,0,0
CA-2017-166093,0,0
CA-2014-141355,0,0
CA-2017-144498,1,1
CA-2016-147256,0,0
US-2016-134488,1,1
CA-2017-124436,0,0
CA-2015-146290,0,0
CA-2014-102673,0,0
CA-2017-121083,0,0
CA-2016-157714,0,0
CA-2016-119445,0,0
CA-2014-166954,0,0
CA-2015-141327,1,1
CA-2014-118339,0,0
US-2017-141677,0,0
CA-2015-130848,1,1
CA-2017-134565,0,0
CA-2017-125745,0,0
CA-2014-101476,0,0
CA-2017-140844,0,0
US-2016-117793,0,0
CA-2014-116757,0,0
CA-2015-108588,0,0
US-2016-127971,1,1
US-2014-115189,1,1
CA-2017-150910,0,0
CA-2014-120544,1,1
US-2017-136721,0,0
US-2017-157896,0,0
CA-2016-161816,0,0
US-2014-150119,1,1
CA-2017-109099,0,0
CA-2015-120845,0,0
US-2017-104661,0,0
US-2014-164763,0,0
CA-2016-114405,0,0
CA-2017-100650,0,0
US-2015-126977,0,0
CA-2017-135307,0,0
CA-2017-110905,0,0
CA-2017-150091,0,0
CA-2017-135279,0,0
US-2017-123204,0,0
CA-2017-137428,0,0
CA-2016-144764,0,0
CA-2017-158379,1,1
US-2017-141558,1,1
CA-2017-148691,0,0
US-2014-138247,0,0
CA-2015-112144,0,0
CA-2017-142671,1,1
CA-2015-120915,0,0
US-2017-169502,0,0
CA-2017-109960,0,0
CA-2017-133046,0,0
US-2016-110156,0,0
CA-2015-124107,0,0
US-2014-104759,1,1
CA-2017-121818,0,0
US-2015-130519,0,0
CA-2014-152233,0,0
CA-2016-107328,0,0
CA-2014-139598,1,1
CA-2016-162390,0,0
CA-2016-116596,0,0
CA-2016-126935,0,0
CA-2016-140081,1,1
CA-2017-161956,0,0
CA-2016-169215,0,0
CA-2017-102946,0,0
CA-2016-148852,0,0
CA-2015-106187,0,0
CA-2016-118934,1,1
CA-2017-162789,0,0
CA-2017-132955,0,0
CA-2014-133809,1,1
CA-2017-115427,0,0
CA-2014-169803,0,0
CA-2014-127964,0,0
CA-2015-148705,0,0
CA-2017-169978,0,0
CA-2016-122392,0,0
CA-2015-125234,0,0
CA-2017-121195,0,0
CA-2017-100636,0,0
CA-2016-111682,0,0
CA-2017-111808,0,0
CA-2017-121300,0,0
CA-2017-110905,0,0
US-2015-138121,0,0
US-2016-107440,0,0
CA-2016-108882,0,0
CA-2014-102652,0,0
CA-2014-118976,0,0
US-2014-105137,1,1
CA-2015-113131,0,0
CA-2014-103989,0,0
US-2017-119438,1,1
CA-2015-123092,0,0
CA-2014-156594,0,0
CA-2017-161970,0,0
CA-2016-105207,0,0
CA-2014-130729,0,0
CA-2017-138289,0,0
CA-2014-106572,0,0
CA-2015-134859,0,0
CA-2015-149748,0,0
CA-2016-103919,1,1
CA-2017-119011,0,0
CA-2017-157672,0,0
CA-2014-149020,0,0
CA-2014-159835,0,0
CA-2016-133795,0,0
CA-2015-118871,0,0
CA-2017-102197,0,0
CA-2014-138317,0,0
CA-2014-117317,0,0
US-2016-139087,0,0
CA-2015-165624,0,0
CA-2016-141957,0,0
CA-2016-120796,1,1
CA-2015-140718,0,0
CA-2017-130148,0,0
CA-2015-103135,0,0
US-2017-136679,0,0
CA-2016-137050,0,0
CA-2015-123113,0,0
CA-2017-168641,0,0
CA-2016-125738,0,0
US-2015-119312,0,0
CA-2016-145240,0,0
CA-2017-167976,0,0
CA-2017-104619,0,0
CA-2014-165309,0,0
CA-2017-123638,0,0
CA-2017-135076,1,1
CA-2017-117947,0,0
US-2016-140172,0,0
US-2017-159562,0,0
CA-2016-158001,0,0
CA-2017-131492,1,1
CA-2014-162775,0,0
US-2015-122910,0,0
CA-2017-144484,0,0
CA-2015-146038,0,0
CA-2014-146969,0,0
CA-2017-124765,1,1
CA-2014-115133,0,0
CA-2016-109869,0,0
CA-2017-128629,0,0
CA-2017-108000,0,0
CA-2014-101931,0,0
CA-2014-120544,1,1
CA-2015-109386,0,0
CA-2014-146283,1,1
CA-2017-152135,1,1
CA-2017-100622,1,1
CA-2017-118199,0,0
CA-2014-134621,1,1
CA-2016-112256,0,0
CA-2017-126956,0,0
CA-2014-149524,1,1
CA-2014-114510,0,0
US-2017-117723,1,1
CA-2014-148614,0,0
CA-2016-121671,0,0
CA-2016-130638,0,0
CA-2016-169957,0,0
CA-2017-134649,0,0
CA-2016-122448,0,0
CA-2014-143336,0,0
CA-2016-140438,0,0
CA-2014-104780,0,0
CA-2016-149965,0,0
US-2017-135503,0,0
CA-2015-164336,0,0
CA-2015-138898,0,0
CA-2015-118955,0,0
US-2016-156986,0,0
US-2014-118486,0,0
CA-2015-169397,1,1
CA-2016-125920,1,1
CA-2014-100881,0,0
CA-2016-140382,0,0
CA-2017-161984,0,0
US-2015-159499,0,0
CA-2017-142328,0,0
CA-2017-107132,0,0
CA-2014-166051,0,0
CA-2017-152807,0,0
CA-2016-121993,0,0
CA-2014-107524,0,0
CA-2016-152730,0,0
CA-2014-117639,0,0
CA-2015-121783,0,0
US-2016-150861,0,0
CA-2015-118955,0,0
CA-2017-126662,0,0
CA-2016-163328,1,1
US-2015-107944,0,0
CA-2015-144519,0,0
CA-2017-128965,1,1
CA-2017-135111,0,0
CA-2016-105732,0,0
CA-2016-109869,1,1
CA-2017-145429,0,0
CA-2017-159156,0,0
US-2015-126753,1,1
CA-2014-104269,0,0
CA-2014-130421,1,1
CA-2017-165687,0,0
US-2014-109036,0,0
CA-2016-105018,0,0
CA-2015-124891,1,1
CA-2017-121615,0,0
US-2016-155768,0,0
CA-2016-108987,1,1
CA-2016-146150,0,0
CA-2017-167752,0,0
CA-2014-136399,0,0
CA-2015-136420,0,0
CA-2017-134838,0,0
CA-2017-145443,0,0
CA-2017-104080,0,0
US-2015-120502,0,0
CA-2017-115602,0,0
CA-2015-140830,0,0
CA-2015-115798,0,0
CA-2016-111682,0,0
CA-2017-161774,0,0
CA-2017-140585,0,0
CA-2017-137449,1,1
CA-2014-124023,0,0
CA-2017-106033,0,0
CA-2016-129693,0,0
CA-2017-122175,0,0
CA-2014-106439,0,0
CA-2017-103212,0,0
CA-2017-127313,0,0
CA-2017-125290,0,0
CA-2015-137113,0,0
CA-2014-140396,0,0
CA-2014-154599,0,0
US-2017-124926,1,1
CA-2017-135034,0,0
CA-2016-130400,0,0
CA-2017-159506,0,0
CA-2014-166961,0,0
CA-2014-125171,0,0
CA-2014-129364,0,0
CA-2017-137085,0,0
CA-2016-113082,0,0
CA-2016-117849,0,0
CA-2015-134992,0,0
CA-2014-122679,0,0
US-2015-130519,0,0
CA-2017-137463,0,0
CA-2017-111689,0,0
CA-2017-108574,0,0
CA-2015-167696,0,0
CA-2017-135937,0,0
CA-2016-140571,0,0
CA-2016-138667,0,0
CA-2015-119480,0,0
CA-2017-103443,0,0
CA-2015-130204,0,0
CA-2016-165148,0,0
CA-2017-143343,0,0
CA-2016-148852,0,0
CA-2015-121783,0,0
CA-2015-101007,0,0
CA-2016-144015,0,0
CA-2015-149650,1,1
CA-2017-158106,0,0
CA-2014-162362,0,0
CA-2017-169999,0,0
CA-2014-134215,0,0
CA-2015-139731,1,1
US-2015-101399,1,1
CA-2017-130631,0,0
CA-2017-138422,0,0
CA-2015-104129,1,1
CA-2014-141110,0,0
CA-2015-119291,0,0
CA-2015-125710,0,0
CA-2014-123400,0,0
CA-2017-113705,0,0
CA-2017-128965,0,0
CA-2016-145919,0,0
CA-2014-124688,0,0
US-2014-120236,1,1
CA-2014-100706,0,0
CA-2017-158036,0,0
CA-2017-102519,0,0
CA-2017-114412,0,0
CA-2017-140949,0,0
US-2017-104451,0,0
CA-2016-112389,0,0
CA-2017-131954,0,0
US-2016-114293,1,1
CA-2015-125934,0,0
CA-2017-147277,1,1
CA-2017-116946,0,0
CA-2015-115091,0,0
CA-2015-156482,0,0
CA-2016-162726,0,0
CA-2014-165309,1,1
US-2017-133361,0,0
CA-2015-117415,0,0
US-2015-110261,0,0
CA-2016-101448,0,0
CA-2016-144309,0,0
CA-2017-121258,0,0
CA-2015-130855,0,0
CA-2016-105760,0,0
CA-2015-130456,0,0
CA-2017-151981,0,0
CA-2017-102925,0,0
CA-2015-165554,0,0
CA-2014-137351,0,0
CA-2017-163265,0,0
CA-2016-145261,1,1
CA-2014-132500,0,0
CA-2015-134894,0,0
CA-2015-165057,0,0
CA-2014-167199,0,0
CA-2016-159212,0,0
CA-2014-125997,0,0
CA-2015-135853,0,0
CA-2014-131051,0,0
CA-2015-166219,1,1
CA-2017-112431,0,0
CA-2017-140872,1,1
US-2016-100839,0,0
CA-2016-107790,0,0
CA-2014-159835,1,1
CA-2014-160157,1,1
CA-2015-111339,1,1
US-2017-132381,1,1
CA-2014-158225,0,0
CA-2014-114517,1,1
CA-2015-169677,0,0
US-2016-113649,0,0
CA-2014-108609,1,1
CA-2017-134194,1,1
CA-2017-118199,0,0
US-2016-144211,0,0
CA-2017-109085,1,1
CA-2014-136399,0,0
US-2016-163258,0,0
CA-2016-129280,0,0
CA-2017-118892,1,1
CA-2016-159912,1,1
CA-2015-130204,0,0
CA-2017-142867,0,0
US-2015-137533,0,0
CA-2017-134810,0,0
CA-2015-123505,0,0
CA-2014-160766,0,0
US-2016-168410,0,0
CA-2017-161578,0,0
CA-2014-131002,0,0
CA-2017-117632,0,0
US-2014-148838,0,0
CA-2014-122931,0,0
CA-2017-131016,1,1
CA-2016-131835,0,0
CA-2017-143035,0,0
CA-2017-148810,1,1
CA-2017-118017,0,0
CA-2015-132626,0,0
US-2016-143280,0,0
CA-2016-160304,0,0
CA-2015-107685,0,0
CA-2014-158029,0,0
CA-2017-160927,0,0
CA-2017-105333,0,0
US-2017-161935,0,0
CA-2017-150910,0,0
CA-2016-108644,1,1
CA-2017-105410,0,0
US-2016-155768,0,0
CA-2014-118339,0,0
CA-2016-112256,0,0
CA-2016-159023,1,1
CA-2017-106355,0,0
CA-2016-132997,0,0
CA-2014-120474,0,0
US-2014-150924,1,1
CA-2017-130211,0,0
CA-2017-163265,1,1
CA-2017-111738,0,0
CA-2015-136728,1,1
CA-2017-125913,0,0
CA-2017-131212,0,0
CA-2016-127649,0,0
CA-2016-165316,0,0
CA-2015-120621,0,0
CA-2014-126760,0,0
CA-2016-102134,0,0
US-2016-152051,1,1
CA-2015-153612,0,0
US-2017-130953,0,0
US-2014-104759,0,0
CA-2014-123253,0,0
CA-2015-125234,0,0
CA-2017-162096,0,0
CA-2017-146269,0,0
CA-2015-166492,0,0
CA-2017-168396,0,0
CA-2015-136798,0,0
US-2016-114013,1,1
CA-2014-117464,0,0
CA-2014-101560,0,0
CA-2016-130946,0,0
CA-2016-128818,0,0
CA-2017-144883,0,0
CA-2015-113901,0,0
CA-2014-167927,0,0
US-2015-164448,0,0
CA-2016-112109,1,1
CA-2016-145177,0,0
CA-2014-158372,0,0
CA-2016-116799,0,0
CA-2015-114048,0,0
US-2014-163797,1,1
CA-2017-160395,0,0
CA-2017-155873,0,0
CA-2016-124590,0,0
CA-2016-132899,0,0
CA-2015-109708,0,0
CA-2017-117324,0,0
CA-2015-153220,0,0
CA-2014-150301,0,0
CA-2014-151295,0,0
US-2017-127292,0,0
CA-2016-136021,0,0
CA-2017-154116,0,0
CA-2014-149958,1,1
CA-2017-163818,0,0
CA-2016-129126,0,0
CA-2016-119165,1,1
CA-2014-146591,1,1
CA-2017-101210,0,0
CA-2017-128426,1,1
CA-2014-165540,1,1
CA-2016-149685,0,0
US-2016-139087,0,0
CA-2015-153717,0,0
US-2015-164448,0,0
CA-2016-126158,0,0
CA-2014-105340,1,1
US-2015-159499,1,1
CA-2017-117240,0,0
US-2017-156083,0,0
US-2015-147662,1,1
CA-2017-167381,0,0
CA-2015-124450,0,0
CA-2017-113278,0,0
CA-2016-117919,0,0
CA-2017-157966,1,1
CA-2017-167150,0,0
CA-2016-166373,1,1
CA-2017-100622,0,0
CA-2014-127558,0,0
CA-2016-152800,0,0
CA-2017-140872,1,1
CA-2014-129574,0,0
CA-2016-128412,0,0
CA-2016-101161,0,0
CA-2014-107181,0,0
US-2017-136868,0,0
CA-2016-169943,0,0
US-2016-139087,0,0
CA-2017-151750,1,1
CA-2017-102925,0,0
CA-2016-114713,0,0
CA-2015-148495,0,0
US-2014-155817,0,0
CA-2017-105487,0,0
CA-2015-105970,0,0
CA-2016-109666,0,0
CA-2017-161333,0,0
CA-2014-149055,0,0
CA-2017-118213,0,0
CA-2016-134803,0,0
CA-2016-112739,0,0
CA-2017-102771,0,0
CA-2014-105165,0,0
CA-2017-144848,0,0
US-2015-123960,0,0
CA-2017-104577,0,0
CA-2016-114489,0,0
CA-2017-123036,0,0
CA-2014-101833,0,0
CA-2014-106719,0,0
CA-2014-103590,0,0
CA-2017-115805,0,0
CA-2015-100454,0,0
CA-2014-141726,0,0
CA-2017-108112,0,0
CA-2014-141313,0,0
CA-2015-138954,0,0
CA-2017-139080,0,0
CA-2017-168641,0,0
CA-2016-162390,0,0
CA-2015-142944,0,0
CA-2014-124856,0,0
CA-2015-141250,1,1
CA-2015-103177,0,0
US-2016-108504,0,0
CA-2015-125178,0,0
US-2017-112347,1,1
CA-2015-120845,1,1
CA-2017-117324,0,0
CA-2016-145611,0,0
CA-2015-134859,0,0
CA-2015-113173,1,1
CA-2014-110527,0,0
CA-2017-161956,0,0
CA-2015-125423,0,0
CA-2017-128300,0,0
CA-2015-107685,0,0
CA-2017-134845,1,1
CA-2014-167164,0,0
CA-2017-146024,1,1
CA-2014-142587,0,0
CA-2017-119424,0,0
US-2014-134712,0,0
US-2016-131611,1,1
CA-2017-119809,0,0
CA-2017-164364,0,0
CA-2016-140018,1,1
CA-2016-168753,0,0
US-2017-164147,0,0
US-2017-166688,0,0
CA-2016-125087,1,1
CA-2017-135279,0,0
CA-2015-136147,1,1
CA-2014-107139,0,0
CA-2017-146192,0,0
CA-2015-149083,0,0
CA-2017-160423,0,0
CA-2015-132626,0,0
US-2014-143287,0,0
CA-2017-107293,0,0
CA-2017-159457,0,0
CA-2015-161767,0,0
CA-2015-167010,1,1
