Order ID,Actual Sales,Predicted Sales
CA-2015-121720,563.808,563.7091410000025
CA-2017-128160,36.672,36.64109999999987
CA-2016-119935,37.3,37.28688899999975
CA-2015-117415,212.058,211.9804830000003
CA-2017-167003,171.288,171.16047399999982
CA-2017-158876,99.136,99.23078999999886
CA-2016-127243,340.182,340.0670970000018
CA-2017-121559,17.38,17.36676999999984
US-2016-105578,22.62,22.61097800000012
CA-2014-164469,71.632,71.64384399999959
CA-2015-111990,10.476,10.472231999999945
CA-2016-146171,76.92,76.80855400000068
CA-2016-160220,20.86,20.862096000000058
US-2016-109260,431.976,432.03378000000623
US-2017-100048,307.98,307.99119950000187
US-2015-110569,121.792,121.75223199999908
CA-2016-154767,61.96,61.96129699999927
US-2017-107384,8.8,8.80182800000003
CA-2015-122287,4.536,4.53509199999999
CA-2017-139311,12.864,12.857499000000065
CA-2015-121720,1123.92,1125.5125540000058
CA-2014-156314,30.36,30.348675999999884
CA-2017-110884,91.59,91.72740399999898
US-2017-148054,41.96,41.95999999999932
CA-2017-131492,30.56,30.575636000000273
CA-2017-119004,27.992,27.996280000000088
CA-2016-137848,60.12,60.117052000000974
CA-2017-158883,25.344,25.33369399999993
CA-2017-134439,15.96,15.958887999999725
CA-2017-131954,179.97,179.91186300000126
CA-2016-157280,756.8,755.9703120000012
CA-2016-134222,44.856,44.84208599999984
CA-2017-141439,89.98,89.98006799999982
CA-2017-118003,12.99,12.99248499999993
CA-2017-141663,7.92,7.91644400000004
CA-2014-109904,17.94,17.941150000000025
CA-2016-117590,1097.544,1100.0587539999894
US-2017-101784,122.136,122.10736999999965
CA-2017-118885,393.568,393.55271599999753
CA-2017-110310,56.784,56.70199999999953
CA-2017-143378,23.832,23.849855999999853
US-2017-112928,17.48,17.47489999999983
US-2014-150532,55.92,55.92812799999933
CA-2016-168830,479.97,479.9831359999901
CA-2015-127453,88.832,88.70701359999998
CA-2017-114055,3.62,3.618901999999947
CA-2017-155698,20.7,20.699464000000376
CA-2017-121615,8.56,8.559616000000142
US-2016-150140,1294.75,1296.1093139999957
CA-2016-100244,11.76,11.759776000000173
CA-2014-144624,4548.81,4494.844857999974
CA-2016-139010,31.248,31.183225999999905
US-2015-156797,138.0,137.8547060000007
CA-2016-131737,971.5,974.9421312000019
CA-2017-120222,19.05,19.04450399999992
CA-2016-162187,13.52,13.511098000000054
CA-2015-130974,259.98,259.81015300000035
US-2016-162026,61.96,61.96026499999926
CA-2015-138009,555.21,556.6183270000013
CA-2016-158302,10.584,10.567108000000063
CA-2017-157987,17.12,17.125986000000058
CA-2017-164049,23.85,23.855719999999916
CA-2017-133823,26.032,26.027941999999907
US-2016-142251,32.064,32.06152799999981
US-2017-129441,47.94,47.955173999999715
CA-2014-164315,154.9,154.89937199999767
CA-2017-137421,9.344,9.34215099999995
CA-2017-112172,14.13,14.134331999999965
CA-2017-157252,207.846,207.86762899999894
CA-2017-114055,90.48,90.5017470000004
US-2014-112914,2.724,2.7253360000000137
CA-2015-137974,523.26,523.8623980000009
CA-2015-101868,72.6,72.60729599999998
CA-2014-100895,8.56,8.561015000000136
CA-2015-119592,3.76,3.7572200000000753
CA-2015-149342,595.38,595.0242740000011
CA-2017-148446,1669.6,1671.772689999991
CA-2017-142867,13.776,13.767993999999963
US-2016-115819,22.72,22.711316000000153
CA-2016-107146,483.136,483.0071240000007
CA-2017-130771,124.792,124.75869800000049
US-2017-162670,367.96,369.0357925999942
CA-2016-100587,6.48,6.480059999999851
CA-2017-130351,61.44,61.44574700000065
CA-2015-150770,49.568,49.56233599999956
CA-2017-157273,604.768,605.0487983999938
CA-2015-126557,659.168,659.8746130000118
US-2017-139969,233.058,232.74117800000096
CA-2014-100678,227.976,227.89659199999772
US-2014-133130,603.92,604.1080569999999
CA-2014-136567,2244.48,2267.157763599987
CA-2016-158435,65.17,65.14934400000075
CA-2015-125934,38.88,38.87792599999991
CA-2017-126046,12.39,12.390463999999898
CA-2017-140802,20.736,20.736032000000442
CA-2017-165029,12.84,12.839229000000115
CA-2017-163139,221.55,221.52470800000307
CA-2015-127327,90.882,90.86470600000025
CA-2017-117212,81.92,81.93978399999962
US-2016-114013,449.1,449.4427260000003
US-2014-159618,67.9932,67.99253999999966
CA-2014-169775,29.808,29.794875999999974
CA-2014-156587,48.712,48.67481000000014
CA-2015-120677,2567.84,2556.488660000016
CA-2014-167199,2573.82,2567.530768000019
CA-2017-121048,470.376,470.38111899999296
CA-2017-107209,194.848,194.8604539999999
CA-2017-119389,60.312,60.32033999999953
CA-2016-142902,15.232,15.237983999999958
CA-2017-145275,14.94,14.94001200000013
CA-2015-144253,26.8,26.78074799999979
CA-2016-122903,144.12,144.1017739999983
CA-2014-102673,7.52,7.523260000000103
US-2015-149629,231.92,232.0315160000023
CA-2016-123050,89.97,89.97113000000056
CA-2014-152618,8.448,8.44777600000014
CA-2016-127698,863.928,863.4064560000081
CA-2017-126914,77.728,77.61793200000032
CA-2014-159800,139.93,139.92043200000032
CA-2015-144386,25.344,25.334389999999935
CA-2015-160696,7.24,7.23322199999988
CA-2015-102855,23.84,23.85484799999988
CA-2017-145233,105.584,105.56293800000068
CA-2017-129294,310.12,310.3091429999989
CA-2017-121580,7.98,7.977336999999853
CA-2015-130785,411.332,411.4521095999975
CA-2016-130820,630.024,629.506252800001
CA-2016-163594,36.624,36.62009800000007
US-2017-113201,204.95,204.9146504000017
CA-2017-142342,10.56,10.560774000000032
CA-2015-117800,589.9,589.2270219999923
CA-2017-161018,96.53,96.5090520000005
US-2016-157728,97.98,97.91795199999945
CA-2015-168634,7.78,7.771892000000003
CA-2014-131947,5.248,5.24741299999994
CA-2016-103730,47.04,47.03786200000066
CA-2016-145625,3347.37,3387.825796000036
CA-2015-145394,34.504,34.49055400000025
US-2015-150630,15.76,15.756876000000103
CA-2014-111773,13.92,13.911246000000126
CA-2016-161676,33.8,33.78183600000037
CA-2016-156265,333.576,333.36773000000073
CA-2015-153794,265.86,265.8528199999974
CA-2014-164973,43.57,43.5706059999999
CA-2014-149538,232.55,232.39990000000046
CA-2014-115791,124.2,124.23570000000007
CA-2015-128608,10.384,10.369812000000154
CA-2017-121580,465.16,465.01717399999393
CA-2016-152814,29.472,29.508526000000305
CA-2017-136007,71.96,71.96524199999998
US-2014-148838,1071.576,1073.8630179999946
CA-2017-117632,285.48,285.3572520000002
US-2015-150630,86.304,86.30249999999934
CA-2016-141957,11.088,11.087141999999897
CA-2015-130022,29.79,29.802574000000345
US-2015-150630,124.2,124.2644820000005
CA-2016-107615,58.58,58.609594000000314
US-2014-148194,12.18,12.175661999999871
CA-2017-158876,16.896,16.900745999999813
CA-2017-127782,859.2,858.8176639999904
CA-2017-119004,74.112,74.09689399999999
CA-2015-109512,29.34,29.340684000000227
CA-2016-125164,49.848,49.92167199999989
CA-2016-148698,86.352,86.35917399999937
CA-2016-159016,4158.912,4207.154297999979
CA-2017-119746,6.464,6.464946000000004
CA-2015-110247,8.226,8.226601999999973
CA-2014-123477,64.864,64.86062800000045
US-2017-133361,74.0,73.98056600000014
CA-2017-148411,520.464,520.2653879999956
US-2017-139955,1.744,1.7383569999999926
CA-2017-101959,9.84,9.838806000000002
CA-2017-125199,123.256,123.05914799999994
CA-2014-105165,200.795,201.2413100000007
CA-2015-115945,88.752,88.75530399999847
US-2014-154655,22.24,22.236203999999816
CA-2015-132374,79.36,79.36736600000042
CA-2017-144638,5.248,5.247721999999943
CA-2014-120096,32.432,32.399812000000225
CA-2016-137239,3.318,3.31625500000003
US-2017-122672,194.352,194.26110680000198
CA-2016-124254,10.272,10.271474000000127
CA-2015-150441,11.36,11.358721999999942
CA-2017-140536,7.04,7.045775999999938
CA-2017-147354,479.984,479.9816359999975
CA-2016-120824,15.552,15.551999999999778
CA-2017-107244,19.76,19.757755999999976
US-2016-156986,16.821,16.78123199999984
US-2014-113124,129.3,129.40379400000057
US-2015-103471,590.058,589.7907359999997
CA-2015-141810,29.372,29.333828000000253
US-2017-123862,61.02,61.02658199999948
CA-2014-124513,66.03,66.0021620000003
CA-2016-144015,12.48,12.489667999999876
CA-2017-134495,20.808,20.79731200000001
CA-2014-125612,102.3,102.3131640000009
CA-2015-117884,150.408,150.62364800000086
CA-2015-101910,283.92,283.92646200000263
CA-2015-131884,485.94,485.8913500000035
CA-2017-117702,1.64,1.6329010000000133
CA-2017-102204,2803.92,2798.8987669999715
CA-2015-130365,128.058,128.05676100000034
CA-2016-104276,116.76,116.87407599999989
CA-2015-136658,6.08,6.082399999999924
CA-2014-127691,159.98,159.98183400000067
CA-2016-107104,64.96,64.95359999999967
CA-2017-102337,470.302,470.38994199999536
CA-2015-136735,167.86,167.8963760000009
CA-2015-156013,61.4,61.43579700000011
CA-2014-160262,79.14,79.13101599999955
CA-2015-107937,665.88,666.073000000005
CA-2017-164756,95.68,95.75596399999958
CA-2016-130946,1088.792,1088.8909419999948
CA-2016-116232,16.56,16.555098000000026
CA-2015-145184,104.97,104.91619799999951
CA-2014-146969,62.18,62.24501899999986
CA-2017-143567,2249.91,2266.16837759999
CA-2017-158673,209.7,209.6810400000026
CA-2015-105158,6.16,6.159156999999914
CA-2014-102988,22.96,22.960279999999457
CA-2015-165050,773.94,772.7024059999937
CA-2017-124597,15.528,15.513182000000066
CA-2016-117681,556.665,556.8031379999995
CA-2015-100685,7.04,7.053085999999944
US-2017-106796,10.272,10.27293400000012
CA-2017-100356,23.992,23.98904800000026
CA-2017-107629,39.264,39.25628800000008
US-2015-160857,357.93,358.01016099999765
CA-2016-152331,5.304,5.317113999999993
CA-2015-155635,48.81,48.80855599999986
CA-2016-166485,16.496,16.5280540000002
US-2017-133361,37.2,37.20649299999955
CA-2015-113110,33.36,33.354194000000376
CA-2015-100216,31.104,31.103971999999565
CA-2015-164567,225.576,225.19576400000076
CA-2016-127208,16.74,16.740603999999887
CA-2014-163223,122.97,122.96468000000101
CA-2016-112830,466.32,466.39783799999606
CA-2014-109680,386.34,386.1094955999954
CA-2015-156566,572.8,573.0195859999984
CA-2016-141397,161.568,161.5554659999993
CA-2017-163069,9.912,9.914008000000086
CA-2017-124828,9.552,9.55180499999997
US-2016-144477,37.312,37.315491999999765
CA-2015-149587,12.96,12.9599999999997
CA-2014-156433,21.72,21.733025999999917
CA-2017-152856,116.832,116.87567400000015
CA-2017-129378,241.96,241.98186399999938
US-2014-111171,8.69,8.688214999999982
CA-2016-152471,15.984,15.985122000000228
US-2016-115441,20.62,20.622058000000077
CA-2015-152681,6.68,6.677455999999978
US-2014-123183,22.5,22.5024839999999
CA-2014-105249,41.4,41.38662600000043
CA-2014-169019,4.836,4.834929999999992
CA-2017-167941,13.272,13.263010000000055
CA-2017-118346,399.95,399.9463100000054
US-2017-107384,142.8,142.72372199999907
CA-2015-106978,12.536,12.541570000000046
CA-2017-156951,19.44,19.439999999999934
CA-2015-132465,772.68,771.8740019999984
CA-2015-104059,3.424,3.4260539999999846
CA-2016-160598,31.008,31.006559999999766
CA-2014-115973,2.624,2.6244749999999777
CA-2017-167661,39.92,39.9162319999995
CA-2014-151078,49.632,49.630206000000015
CA-2017-149489,99.28,99.30335200000083
CA-2017-127432,1126.02,1126.181240000008
CA-2016-128916,5.344,5.3419139999999485
CA-2017-100223,6.316,6.298959999999996
CA-2014-164385,143.952,143.9705440000001
US-2017-142573,801.6,801.4837579999987
CA-2017-105410,199.96,199.96000599999985
CA-2017-126676,7.98,7.978049999999825
CA-2016-133144,17.34,17.34237200000004
CA-2014-162775,646.74,646.571450999999
CA-2016-137736,41.86,41.8613040000004
CA-2017-136448,47.984,47.98431399999924
CA-2016-159695,158.368,158.27050999999946
CA-2015-163104,11.96,11.959667999999752
US-2015-122140,50.12,50.13077600000031
CA-2016-124352,29.46,29.48099600000038
US-2016-169369,249.95,249.9702780000034
CA-2015-107678,191.96,191.96305749999848
CA-2015-162201,18.264,18.269099999999877
CA-2016-109057,23.952,23.97057000000037
CA-2014-133809,11.808,11.809230000000221
CA-2016-156748,496.86,497.9543159999976
US-2014-150434,359.98,359.99579999999787
CA-2014-162775,50.94,50.9480220000001
CA-2017-127026,619.95,620.0545099000019
CA-2016-108105,318.08,318.4373339999991
CA-2014-124730,279.96,280.02259600000014
CA-2017-132521,31.44,31.43111999999975
US-2016-143819,362.92,362.88077600000065
CA-2017-111647,167.968,167.96898599999787
CA-2017-162572,10.608,10.589162000000032
CA-2017-154039,480.96,481.305720000001
CA-2017-103065,4.768,4.767960000000022
CA-2017-130106,2.78,2.781954000000024
CA-2016-155033,10.56,10.560702000000026
CA-2017-119004,3.304,3.3061910000000334
CA-2016-155670,10.272,10.271852000000127
CA-2017-151428,20.16,20.15681799999991
US-2016-144393,17.616,17.617745999999993
US-2017-113992,974.988,975.605088000006
US-2014-164763,16.0,15.995112000000024
CA-2016-118626,705.544,704.8939160000047
CA-2017-129021,8.72,8.718976000000021
CA-2017-122105,95.92,96.01498400000072
CA-2017-120168,18.84,18.84242000000011
CA-2017-139437,87.92,87.92372999999871
CA-2015-127502,5.76,5.760080000000136
CA-2017-100237,11.68,11.68006900000016
CA-2016-161781,40.88,40.94036699999999
CA-2015-114468,12.032,12.035847999999996
CA-2014-116834,345.0,344.9027670000009
CA-2014-135699,109.92,109.9184319999986
CA-2017-145660,7.712,7.711038000000157
CA-2017-100160,4.896,4.899908999999975
US-2017-130687,25.98,25.985824000000196
CA-2015-164441,52.272,52.280185999999745
CA-2014-121006,12.84,12.839166000000121
CA-2017-166317,33.04,33.02660900000017
CA-2017-100412,141.96,141.94590000000056
CA-2014-157147,333.999,333.69813400000083
CA-2016-143714,122.382,122.34733999999887
CA-2017-158722,45.528,45.52820399999977
CA-2016-166282,123.088,123.05885200000024
CA-2014-167199,5.48,5.468200000000017
CA-2015-104346,58.08,58.075590000000396
CA-2017-121489,572.58,572.568614
CA-2015-119690,0.984,1.0168100000000024
CA-2016-102127,20.97,20.95249599999977
CA-2015-118871,36.4,36.4124100000002
CA-2017-137463,44.4,44.397676000000736
CA-2016-101385,16.56,16.544754000000133
US-2016-108504,348.84,348.53458200000193
CA-2017-152310,192.16,192.16568600000207
CA-2017-151211,102.93,102.93609000000005
CA-2017-128363,1.584,1.582955000000017
CA-2014-164469,9.328,9.329015000000021
CA-2015-109386,226.2,225.963714999999
CA-2017-168641,16.38,16.401919999999965
CA-2017-148145,46.2,46.24468599999997
CA-2016-119074,39.92,39.91792799999929
CA-2017-169005,5.56,5.5608670000000675
CA-2015-132633,12.144,12.122810999999887
US-2015-134558,2249.91,2268.665013999984
US-2015-116981,13.11,13.123804000000192
CA-2015-138009,523.48,523.6546679999997
US-2014-143287,7.3,7.299956000000098
CA-2016-145303,156.3728,156.5103539999993
CA-2016-154067,105.52,105.52285600000063
US-2016-137295,108.784,108.8004759999991
CA-2017-136623,71.952,71.95104999999991
CA-2016-105585,154.9,154.90115399999732
US-2017-135013,2399.96,2401.176964399989
US-2017-155866,187.76,187.75078800000102
US-2016-114013,41.24,41.27342599999995
CA-2014-140403,15.28,15.278828000000246
CA-2017-164917,47.96,47.96006399999949
CA-2015-149713,19.92,19.920069999999754
CA-2015-130113,323.1,323.1219179999993
CA-2014-109918,20.56,20.564338000000035
CA-2017-135307,126.3,126.19360600000155
CA-2015-129392,21.12,21.125108000000058
US-2014-164763,30.44,30.448067999999733
CA-2016-152534,5.16,5.163449999999948
CA-2014-120950,43.68,43.63785000000014
CA-2015-130253,15.24,15.24203599999984
CA-2017-104864,389.056,388.5918880000006
CA-2016-101672,97.82,97.8205720000014
CA-2017-127705,2.97,2.9671699999999954
CA-2017-111815,180.98,180.93287200000032
CA-2016-121748,100.0,99.99511800000022
CA-2014-160773,575.92,575.909035999998
CA-2017-122595,2.032,2.0322659999999986
US-2014-146353,269.9,269.8041339999989
CA-2015-130659,17.94,17.939880000000038
CA-2017-158407,71.984,71.98443600000068
CA-2016-127138,154.9,154.91471599999818
CA-2015-160472,26.4,26.40011200000039
CA-2015-105613,27.696,27.69254200000007
US-2017-109253,117.144,117.2774059999992
CA-2014-166863,15.552,15.551999999999778
CA-2015-161998,63.552,63.511868000000135
CA-2017-137463,29.95,29.95150500000015
US-2014-140452,35.04,35.05308000000001
CA-2015-112116,171.96,172.05058799999907
CA-2016-158778,58.248,58.25873199999961
CA-2015-141593,34.248,34.22382800000048
CA-2016-163776,245.94,245.96121120000268
CA-2015-117961,61.04,61.05463799999943
CA-2016-129280,6.0,5.9927580000000065
CA-2015-102778,18.176,18.17094399999994
US-2015-118983,68.81,68.7260499999994
CA-2017-133102,8.016,8.01591399999986
CA-2015-146675,43.56,43.5708119999998
CA-2017-152142,321.568,321.60480200000353
CA-2015-166492,25.92,25.9199999999994
CA-2014-146591,108.72,108.80090999999932
US-2016-126452,91.96,91.9545020000005
CA-2017-161459,34.08,34.0750120000003
US-2015-126977,67.8,67.8023420000011
CA-2017-118003,302.94,302.8548320000017
US-2016-150147,4.896,4.896700999999997
CA-2017-140872,241.568,241.53969799999987
CA-2014-127446,1218.735,1217.3727607999926
US-2016-102232,197.05,196.6846000000007
CA-2016-108882,349.95,350.2992440000025
CA-2016-162236,45.248,45.24732799999988
CA-2016-153269,51.8,51.84336499999965
US-2014-106992,2519.958,2530.0966020000224
US-2014-117170,47.984,47.98406399999928
CA-2017-147207,5.432,5.4372680000000075
CA-2015-161445,140.736,140.70570399999994
US-2017-162558,34.236,34.226070000000476
CA-2017-106859,140.736,140.6507760000005
CA-2017-134152,31.44,31.42491600000007
CA-2016-167759,134.85,134.98339800000122
CA-2017-156776,31.128,31.103496999999674
US-2016-115441,95.2,95.04532400000062
CA-2017-131156,25.472,25.483824000000144
US-2014-157021,29.6,29.593503999999697
CA-2017-102379,179.9,179.91917500000082
CA-2016-103359,25.584,25.580649999999984
CA-2016-121671,21.93,21.930864000000174
US-2016-110156,10.78,10.779889999999995
CA-2016-155516,7.36,7.363309999999908
CA-2016-147109,51.84,51.84148399999915
CA-2016-157161,24.1,24.106315999999694
CA-2017-132738,8.784,8.794054000000003
CA-2017-115931,37.32,37.314623999999775
CA-2017-134194,40.98,40.98211499999986
CA-2017-167395,286.86,286.767608
CA-2016-127761,881.93,882.6316850000118
CA-2014-136567,62.31,62.29259099999957
CA-2014-115791,127.104,127.30759799999994
CA-2016-126732,23.67,23.658804000000007
CA-2017-135279,35.97,35.96790000000015
CA-2014-124646,161.94,161.92431200000132
CA-2016-145898,51.45,51.46203999999943
CA-2016-120558,32.4,32.39992800000059
CA-2014-125136,10.688,10.686772000000088
US-2017-118556,3.564,3.5641559999999646
US-2017-163790,5.58,5.57908399999994
CA-2014-120670,799.92,800.5630540000053
CA-2017-157987,4.92,4.921481999999935
CA-2014-166961,10.98,10.976677999999968
CA-2017-167227,11.76,11.759528000000165
CA-2017-125451,35.0,34.99721400000002
CA-2016-158568,1.788,1.789616000000008
US-2015-134271,21.93,21.9307600000002
CA-2017-121125,35.36,35.35735500000011
US-2017-152380,219.075,219.04034480000144
US-2017-118038,9.708,9.706554000000036
CA-2017-138149,130.71,130.6969560000008
US-2016-116729,2575.944,2565.7892200000215
CA-2015-167010,98.112,98.24164800000102
CA-2015-154795,14.368,14.366336000000272
US-2015-141453,3.882,3.8838800000000235
CA-2014-166730,39.128,39.11867599999998
CA-2014-154627,2735.952,2682.9388109999977
CA-2016-101791,5.584,5.582588999999946
CA-2016-120824,1.524,1.5106660000000185
CA-2015-161452,892.224,891.9902189999993
CA-2017-149559,2054.272,2061.5401079999974
CA-2017-134306,7.56,7.570010000000036
CA-2016-137050,14.07,14.073151999999984
CA-2017-169054,254.352,254.46061800000342
US-2016-112396,31.86,31.8731319999999
CA-2016-133697,51.016,50.97937000000044
CA-2015-119550,275.058,275.03243899999836
CA-2017-157931,723.92,724.1745789999984
CA-2014-124478,38.34,38.36372599999984
CA-2017-111332,131.94,131.9161379999995
CA-2015-168767,12.832,12.826322000000053
US-2015-108966,957.5775,957.8283748000099
CA-2017-119284,31.168,31.171179999999808
CA-2015-117800,542.94,543.114173999998
CA-2017-155460,895.92,895.9418720000122
CA-2016-130400,8.856,8.856463999999967
CA-2016-118689,32.48,32.49241800000019
CA-2016-160479,35.4,35.40634000000044
CA-2016-110772,18.496,18.48377399999976
CA-2017-101014,148.02,148.0955500000006
CA-2016-104157,7.89,7.890386000000038
CA-2017-131233,242.352,242.3642660000047
CA-2017-102414,15.552,15.551999999999778
CA-2016-123722,15.936,15.936407999999794
US-2014-164406,152.91,152.74453999999875
CA-2015-132626,15.8,15.797211999999991
CA-2016-164399,203.976,203.7100450000007
US-2016-135209,37.408,37.41198900000006
CA-2015-129917,503.96,504.1113520000083
CA-2015-139780,116.4,116.21415199999971
CA-2017-141614,20.736,20.736032000000442
US-2017-146878,12.294,12.297128999999932
CA-2017-119011,226.56,226.9706969999982
CA-2014-106229,268.935,268.71408499999944
CA-2016-166674,30.48,30.47692599999964
US-2017-143175,99.87,99.87806999999916
CA-2015-100734,147.184,147.13183799999948
CA-2016-145583,11.52,11.520260000000274
CA-2016-124667,83.36,83.33413199999933
CA-2015-147830,1799.994,1798.541713999988
CA-2017-164168,22.848,22.827212000000255
CA-2015-109603,182.72,182.72069000000118
CA-2016-165673,15.232,15.238357999999852
CA-2016-166163,71.976,71.97541000000037
CA-2017-167395,4.36,4.360064000000022
CA-2015-116687,8.856,8.853047999999974
CA-2016-158155,214.7,215.09077199999876
CA-2017-166576,221.024,221.02253080000284
CA-2015-162376,17.12,17.127976000000086
US-2016-116729,254.24,254.34091200000114
CA-2015-138954,119.04,118.99000199999921
CA-2017-147403,85.056,85.05210799999848
CA-2016-109743,40.776,40.7623240000001
US-2016-168095,105.52,105.53374600000055
CA-2014-157882,122.352,122.29989199999885
CA-2017-108560,50.0,50.01697399999994
CA-2014-167927,19.05,19.042696000000138
US-2014-160444,220.776,220.94264560000238
US-2016-141544,37.764,37.7589920000001
US-2016-148901,31.104,31.103787999999568
CA-2017-131954,27.936,27.93321000000017
CA-2016-155670,11.232,11.226262999999893
CA-2016-143441,11.84,11.840220000000073
CA-2017-164959,8.67,8.669508000000052
CA-2017-103380,8.62,8.623569000000058
CA-2017-101574,9.24,9.241377999999832
US-2014-147627,38.6,38.57376999999985
CA-2015-135020,45.36,45.36069600000045
CA-2016-136686,383.64,383.7319958000011
CA-2015-125563,54.528,54.50928800000035
CA-2017-101182,43.176,43.17579399999975
CA-2015-158351,319.984,319.9198679999977
CA-2016-128818,63.68,63.63428199999995
US-2014-112949,3.52,3.519877999999985
CA-2015-164882,19.98,19.984037999999796
CA-2016-101987,440.91,439.84108799999933
US-2016-160528,727.296,727.0555579999967
CA-2015-115168,10.56,10.560100000000027
CA-2017-121300,21.248,21.22358800000013
CA-2014-114314,7.31,7.3064180000000825
CA-2016-167556,29.8,29.797469999999866
CA-2014-110786,21.12,21.128712000000025
US-2017-120418,88.04,88.0105163999996
CA-2014-169019,431.136,431.4641360000053
CA-2017-169999,129.3,129.40026600000064
US-2017-133361,3.76,3.7588040000000857
CA-2015-153717,17.34,17.34000000000006
US-2015-127040,6.48,6.47999999999985
CA-2014-131387,1679.96,1685.8884599999951
CA-2014-120768,7.27,7.279031999999966
US-2016-167472,12.96,12.9599999999997
CA-2014-110639,25.92,25.9199999999994
CA-2015-110863,106.32,106.32132600000229
CA-2015-117828,194.32,194.2976976000014
CA-2016-101791,1297.368,1297.6558400000008
US-2015-113327,12.224,12.22521300000005
CA-2016-100244,65.79,65.81582399999951
CA-2017-166317,219.84,219.8716107999977
CA-2016-109743,63.936,63.93415600000016
CA-2017-155376,839.43,839.3932059999986
CA-2017-104864,20.736,20.735324000000404
CA-2017-100811,39.296,39.28121400000015
CA-2016-103982,2.304,2.304990000000026
CA-2016-106530,10.688,10.692906000000029
CA-2016-102813,528.43,528.1605551999983
CA-2016-151561,468.9,468.76088100000294
CA-2016-102561,11.264,11.265604999999887
CA-2017-129378,1.44,1.4327040000000115
CA-2014-158372,53.2,53.2703519999999
US-2015-115238,9.48,9.46696299999992
CA-2016-124352,5.5,5.469992000000013
CA-2016-106915,17.856,17.86025599999985
CA-2014-145317,22638.48,11823.96205000001
US-2014-140914,797.944,798.8524320000073
CA-2014-140039,79.4,79.38546800000039
CA-2017-139199,12.96,12.9599999999997
CA-2016-118101,171.04,171.03400600000063
CA-2017-138156,147.568,147.89734700000014
CA-2015-110877,150.384,150.38865200000075
CA-2014-140165,7.104,7.102569999999987
CA-2017-161172,5.193,5.190046000000009
CA-2014-148040,74.352,74.38649999999932
CA-2016-108868,70.368,70.38397600000049
CA-2015-110667,9.088,9.100158000000047
CA-2017-119809,2793.528,2806.228339999995
US-2017-133081,26.72,26.69900600000014
CA-2014-130449,58.48,58.465320000000816
CA-2016-152156,261.96,261.9866079999965
CA-2016-139381,203.92,203.85756560000056
CA-2014-103849,58.112,58.115586000000235
CA-2016-129714,6.79,6.783308000000069
CA-2014-103310,1432.0,1429.3207680000075
CA-2014-140403,122.352,122.32149799999891
CA-2017-123134,129.93,129.93344399999742
CA-2016-162383,85.246,85.25484799999995
US-2016-157945,747.558,748.2036840000019
US-2016-160528,22.608,22.60708200000016
CA-2015-109190,479.976,479.9739920000006
CA-2017-124205,81.96,81.95025600000056
CA-2017-141705,517.405,516.9464640000035
CA-2017-111577,307.776,307.5582705000016
CA-2014-147298,18.288,18.275460000000056
US-2017-164147,78.304,78.30925399999924
CA-2015-106187,75.0,74.99298600000029
CA-2016-160304,173.94,173.99890600000086
CA-2015-126725,415.968,415.52507159999857
CA-2017-138779,7.92,7.9176600000000645
CA-2016-168361,0.836,0.8845189999999986
CA-2017-105410,99.54,99.5709740000003
US-2016-110156,1.192,1.1865680000000065
CA-2017-168228,47.3,47.32632000000009
CA-2015-120901,3.488,3.487349999999961
CA-2015-116092,11.52,11.519634000000272
US-2017-110646,33.282,33.28079999999983
CA-2014-135405,9.344,9.342869999999946
US-2017-118535,20.7,20.69987800000038
CA-2015-103793,74.352,74.35759799999927
US-2015-122140,47.976,47.976014000000255
CA-2014-128237,6.56,6.5609540000000965
CA-2017-153871,735.98,735.8660419999906
CA-2016-151155,18.92,18.932503999999913
CA-2014-112291,159.98,159.98091600000052
US-2017-147886,532.72,532.3520056000075
CA-2016-105732,40.74,40.74097800000016
CA-2016-122017,81.96,81.95922000000056
CA-2014-128538,7.64,7.639000000000027
US-2016-152051,254.352,254.4564280000033
CA-2015-141145,87.168,87.16477200000068
CA-2014-125997,801.568,801.2960839999998
CA-2017-161130,361.376,361.62998799999764
CA-2015-155040,79.9,79.91888799999887
CA-2016-103947,30.144,30.16668800000006
CA-2015-130974,59.94,59.93901300000071
CA-2016-151141,14.78,14.75898400000015
CA-2014-160094,174.95,175.0280235000014
US-2017-141558,43.28,43.292127999999984
CA-2014-119375,124.41,124.38841000000015
CA-2017-130386,540.048,540.0680599999996
CA-2015-168564,144.784,144.84027800000072
CA-2017-142293,89.97,89.97241200000077
CA-2014-164259,99.136,99.22878199999884
CA-2017-167640,11.52,11.520780000000268
CA-2017-114216,12.192,12.192723999999792
CA-2014-145212,5.46,5.463875000000019
CA-2016-154018,139.92,139.88813200000052
US-2017-114034,38.88,38.87952799999987
CA-2016-120369,756.8,755.9965500000015
US-2014-112991,91.36,91.36162800000056
CA-2014-105417,10.43,10.43264600000007
CA-2014-122588,52.96,53.012672000000244
US-2015-156867,238.896,238.9277699999986
CA-2016-145898,29.9,29.899867000000498
US-2016-154361,21.88,21.87909800000005
CA-2015-116876,625.99,626.5894000999995
US-2016-114013,23.16,23.17405200000021
CA-2014-138128,30.672,30.694157999999835
CA-2015-103135,279.86,279.8980459999976
CA-2015-156153,7.56,7.560014000000053
CA-2017-166856,10.08,10.083067999999964
CA-2017-103611,8.36,8.353048000000015
CA-2014-127299,2624.985,2631.823234000018
CA-2017-144064,47.36,47.356918000000285
CA-2016-158778,7.872,7.872752000000104
CA-2017-140298,74.416,74.39252599999931
CA-2014-166086,16.14,16.158542000000025
US-2015-166520,599.9,599.8830299999896
CA-2016-139997,1499.95,1499.5425039999886
CA-2016-126529,63.312,63.29796199999948
CA-2015-116092,19.44,19.439999999999934
CA-2016-133711,33.75,33.73370800000046
CA-2014-101560,397.6,396.96574900000167
CA-2014-115812,18.504,18.49176399999971
CA-2017-140760,43.92,43.93200799999926
CA-2014-141110,14.94,14.940078000000131
CA-2014-107594,73.98,73.95726800000048
US-2017-166688,8.288,8.280231999999911
US-2017-118087,17.024,17.04060800000013
CA-2017-156951,81.088,80.97207000000017
US-2016-151260,73.536,73.58634399999993
US-2016-126431,30.53,30.56484999999999
CA-2016-143154,165.6,165.58752200000285
US-2017-152002,122.97,122.97006200000078
CA-2014-157546,22.83,22.827474000000347
CA-2017-147228,177.536,177.53616799999764
CA-2016-115588,38.976,38.9792420000001
CA-2015-123939,6.912,6.912462000000052
CA-2016-167507,11.84,11.839380000000066
CA-2016-146913,1403.92,1405.116793999999
CA-2014-163223,9.32,9.323942999999943
US-2017-108315,220.704,220.92967440000166
US-2015-159499,16.52,16.524384000000293
CA-2017-159149,438.336,438.21684700000407
CA-2014-167927,29.7,29.69628800000041
US-2016-150357,4.095,4.082781999999963
US-2014-121566,6.6,6.601724000000046
CA-2015-104626,1088.76,1087.9841020000013
CA-2014-163223,3499.93,3434.462108000011
US-2017-147669,273.06,272.88091200000036
CA-2015-135251,35.52,35.5309100000002
CA-2014-145317,18.936,18.93779399999999
CA-2016-106950,309.456,309.94138899999996
CA-2017-137876,64.96,64.9679639999995
CA-2016-104633,12.96,12.9599999999997
CA-2016-117590,190.92,190.98881439999894
CA-2015-119102,51.45,51.465843999999635
CA-2017-121048,140.97,140.73764999999955
CA-2017-147228,8.832,8.835995999999971
CA-2017-155929,6.368,6.37242600000009
CA-2015-167010,10.428,10.433138000000003
US-2017-128951,179.94,179.95037200000147
CA-2016-108868,59.96,59.970748000000775
CA-2017-132262,71.98,71.97874600000074
CA-2017-124401,37.68,37.68487400000021
CA-2015-149713,7.3,7.299720000000096
US-2015-147242,61.96,61.959904999999324
US-2017-162558,9.656,9.656916000000036
CA-2015-129917,53.568,53.613752
US-2017-106131,168.624,168.48722200000165
CA-2014-115336,14.48,14.48052199999992
CA-2015-133242,33.02,33.009604000000195
US-2016-113985,59.7,59.73213599999935
CA-2015-156734,643.136,644.202100999998
CA-2016-119963,48.848,48.84765399999992
CA-2016-120355,60.72,60.72561400000001
CA-2017-125752,41.424,41.40675599999998
CA-2014-103310,256.784,257.3757540000023
CA-2015-164882,5.04,5.03970599999997
CA-2015-130022,41.4,41.39787800000057
CA-2014-143210,271.9,271.91150399999844
CA-2016-119018,38.88,38.878869999999885
CA-2016-141586,18.16,18.15895599999994
US-2016-123470,122.328,122.30369999999917
CA-2016-169194,45.0,44.99838200000001
CA-2016-147431,117.96,117.99147400000051
US-2017-147886,12.96,12.9599999999997
CA-2016-142398,13.208,13.21277800000006
CA-2017-121853,211.04,211.11051600000164
CA-2016-151092,211.168,211.16325200000318
CA-2017-100524,75.04,75.05816199999947
CA-2014-146815,172.764,172.6687139999988
CA-2015-135251,6.23,6.238240999999927
US-2017-148831,348.56,348.4961740000023
CA-2016-161025,772.68,772.2161559999965
US-2017-167920,15.14,15.127524000000225
CA-2017-113355,317.058,317.0329539999999
CA-2017-151484,51.968,51.97251600000033
CA-2017-116358,18.24,18.240536
CA-2015-120901,5.888,5.886008000000038
CA-2017-150910,23.128,23.110283999999947
CA-2014-102645,40.08,40.10414400000027
CA-2014-137092,319.968,319.97293599999654
CA-2016-101546,1793.98,1794.3904719999844
CA-2017-113418,1704.89,1702.6741600000132
US-2017-139465,63.84,63.841413999999084
CA-2016-162390,968.744,968.097759599999
CA-2015-114237,141.96,141.95890000000165
US-2016-146710,51.52,51.54108999999975
CA-2014-103331,10.68,10.68503999999998
CA-2017-152786,40.41,40.46099799999966
CA-2017-142342,32.4,32.40000000000059
US-2017-167402,32.4,32.40000000000059
CA-2014-102869,64.704,64.69985400000009
CA-2017-101959,7.78,7.773254000000009
CA-2014-144029,359.772,359.93518399999783
CA-2017-140949,46.53,46.52068799999971
CA-2014-158771,45.36,45.36275200000046
CA-2017-151008,126.56,126.36898400000041
CA-2017-160934,21.4,21.399204000000132
CA-2017-142034,603.92,604.8761470000012
CA-2016-115588,14.72,14.72914999999979
CA-2017-163860,2.96,2.9583080000000264
US-2017-163790,76.58,76.63347599999966
US-2014-138247,173.656,173.6967480000008
US-2017-163790,590.352,590.098263999999
US-2015-115238,24.3,24.287651999999998
CA-2017-167549,298.116,298.11356580000177
CA-2014-124730,17.088,17.094580000000086
US-2014-112200,9.98,9.979311999999984
CA-2014-140396,34.74,34.76053999999994
CA-2015-104941,19.14,19.140139999999988
US-2014-144078,539.92,540.0120399999951
CA-2017-104927,6.33,6.322534000000017
CA-2014-129091,16.23,16.22525800000004
CA-2015-109113,25.488,25.485508000000213
CA-2015-128139,70.98,70.97524400000054
US-2016-157490,17.904,17.899468000000066
CA-2017-167640,286.93,286.84061199999746
CA-2017-117436,10.36,10.369992000000162
CA-2017-126242,305.01,304.95208950000216
CA-2015-137946,959.984,960.2730908000156
US-2017-105697,25.696,25.69647999999975
CA-2015-121552,19.56,19.55780200000011
CA-2014-145387,14.76,14.758652000000144
CA-2014-101364,296.712,296.59848099999954
CA-2017-169607,9.96,9.959639999999878
CA-2017-137449,307.314,307.4926705000014
CA-2017-133102,38.864,38.877972000000256
CA-2015-119942,23.904,23.915827999999614
CA-2017-149895,258.528,258.57546700000137
US-2017-156909,71.372,71.31046599999942
CA-2017-117870,14.016,14.021293999999916
CA-2015-168207,11.952,11.952135999999896
CA-2017-141733,1458.65,1451.7014159999942
CA-2015-141593,55.264,55.27146400000014
CA-2016-101329,32.13,32.096995999999834
CA-2016-134775,50.96,50.943678999999925
CA-2016-157511,2.672,2.689817000000011
CA-2016-137729,5.98,5.979997999999905
CA-2014-142769,199.98,199.98073000000178
CA-2016-108364,1.8,1.8077800000000095
CA-2015-115938,15.42,15.41673400000008
CA-2017-161410,358.2,358.30053499999934
CA-2017-107629,266.352,266.1316320000033
CA-2014-111500,17.96,17.959587999999815
CA-2015-134075,360.38,360.37369400000273
CA-2014-123064,5.248,5.2505929999999505
CA-2014-119151,1117.92,1118.296400000011
US-2017-116897,302.376,302.3772059999946
CA-2014-154893,1325.76,1325.0501030000053
CA-2017-163629,79.99,79.98982200000002
US-2016-139262,34.86,34.85550800000036
CA-2014-128146,1322.93,1321.5209380000047
US-2017-163300,2357.488,2339.2315111999824
CA-2017-162691,1439.982,1441.3824100000177
US-2015-106873,23.2,23.19675600000022
CA-2015-112452,5.84,5.835606000000059
CA-2017-117212,892.224,891.9417070000006
CA-2014-166989,11.36,11.357450000000062
CA-2016-124352,121.6,121.60737999999995
CA-2016-101525,109.92,109.91588399999863
CA-2015-104514,9.84,9.839958000000104
US-2016-118780,59.48,59.530953999999035
CA-2015-114069,9.96,9.95949999999988
CA-2014-143903,981.372,977.1950768000022
CA-2017-148922,45.84,45.86910399999919
CA-2016-152457,68.52,68.51243399999906
CA-2016-132990,19.312,19.29608999999985
CA-2016-118073,562.2925,561.9291379999976
CA-2017-167941,499.584,500.1392899999986
CA-2016-148852,5.94,5.94128399999992
US-2017-102638,6.03,6.04698499999989
CA-2014-110555,105.584,105.56293800000068
CA-2015-112452,10.95,10.955914000000002
CA-2017-150525,13.11,13.123754000000192
CA-2014-101602,763.28,761.4754679999963
US-2015-157014,24.0,23.997494000000057
US-2016-131611,863.128,863.0835100000119
CA-2017-129833,10.4,10.408340000000031
CA-2016-162082,241.332,241.42840600000088
CA-2014-125556,43.8,43.82621600000023
US-2015-160857,19.44,19.439999999999934
CA-2014-107181,82.896,82.95984799999927
CA-2017-120376,199.95,199.9510800000017
CA-2017-117863,3.048,3.041543999999969
CA-2016-169663,3357.6,3425.308812000028
US-2014-138758,69.008,68.95931800000002
CA-2017-148922,38.97,38.98032000000023
US-2016-115441,403.56,403.81250999999986
CA-2016-105662,177.48,177.5061060000016
CA-2015-150714,718.64,718.0770300000003
CA-2016-134334,4.77,4.769166000000015
CA-2016-112697,254.058,253.97409599999907
US-2014-147627,699.93,700.481631999992
CA-2017-108791,14.89,14.895927999999792
CA-2015-104514,85.52,85.42949000000017
CA-2017-122490,563.024,563.576830999999
CA-2015-143364,18.496,18.492099999999652
CA-2014-124807,23.84,23.84661599999984
CA-2014-159849,5.67,5.677794000000016
CA-2016-168046,428.68,428.5685644999996
CA-2014-142769,14.19,14.203952000000166
CA-2016-156685,47.616,47.583368000000696
CA-2015-130736,3.96,3.968164000000006
CA-2016-110772,255.984,255.8984449999962
CA-2016-116526,8.78,8.785948000000033
CA-2017-155621,274.2,274.0361690000013
US-2017-124968,765.625,766.3255500000004
CA-2014-139892,177.98,177.64994299999785
CA-2016-111010,7.56,7.568156000000039
US-2015-126235,17.14,17.131261999999946
US-2017-104094,13.48,13.483939999999814
CA-2017-147452,11.76,11.759776000000164
US-2015-100377,2799.96,2802.3343749999817
CA-2014-167850,15.552,15.551999999999778
CA-2017-134096,383.96,383.9366384000019
CA-2014-125542,348.488,348.3779890000034
CA-2015-151547,88.96,88.90682919999944
CA-2014-131926,166.72,166.6122410000006
CA-2016-146941,80.58,80.48419200000042
CA-2016-140774,107.94,107.95262400000095
CA-2014-103310,39.96,39.96096799999934
US-2016-144057,18.528,18.541779999999992
CA-2015-115742,75.18,75.17438599999963
CA-2016-158694,61.4,61.42875900000012
CA-2017-130148,31.08,31.088343999999918
CA-2015-161718,39.96,39.960603999999336
CA-2016-130407,39.98,39.98065200000024
CA-2016-103107,71.976,71.97484000000044
CA-2014-148488,11.36,11.357409000000063
CA-2016-106950,22.911,22.920763999999604
CA-2016-133550,283.14,283.17365400000114
CA-2015-134992,47.98,47.98017400000021
CA-2017-112529,31.776,31.7508239999999
CA-2016-106621,10.496,10.499065999999981
US-2014-147648,81.98,81.97764000000033
CA-2017-161970,12.96,12.9599999999997
CA-2014-131926,25.92,25.919959999999403
CA-2017-144526,13.896,13.902980000000117
CA-2017-107174,108.96,108.89575800000013
CA-2014-138359,6.24,6.242185999999876
CA-2017-117044,10.528,10.525880000000079
CA-2017-151799,25.71,25.697773999999733
CA-2017-157931,106.32,106.33896400000212
CA-2017-107629,95.232,95.06101600000046
US-2016-163881,1684.752,1690.3864799999894
CA-2015-119214,29.04,29.02897399999982
CA-2014-102274,629.1,629.1611179999985
CA-2017-101749,171.288,171.19458199999966
US-2014-164616,9.184,9.185862000000045
CA-2017-136448,3.444,3.439844000000013
CA-2014-155264,20.064,20.055947999999933
CA-2016-163398,27.384,27.392456000000248
CA-2015-122973,3.328,3.3181420000000132
CA-2016-166674,59.52,59.51929199999877
US-2017-140907,49.08,49.108330000000876
CA-2017-144638,35.91,35.906232000000095
US-2017-163300,369.544,369.561411599998
CA-2014-104738,217.584,217.77940800000187
US-2016-110156,10.368,10.368000000000222
US-2015-138121,142.36,142.43560799999884
US-2016-108777,383.952,383.98822160000014
CA-2017-108070,205.92,206.00510899999847
CA-2017-103065,4.448,4.447816999999981
US-2017-168116,7999.98,8853.280735999953
CA-2016-164784,370.62,370.7466984000029
CA-2017-162936,23.18,23.17484000000014
CA-2015-109638,51.312,51.31325199999985
US-2017-165344,60.864,60.838347999999016
CA-2015-138534,195.466,195.6660520000026
CA-2016-153836,28.752,28.74936200000012
CA-2017-122035,182.94,182.98163200000215
CA-2014-164973,3991.98,4103.728132000041
CA-2015-164539,523.25,523.9224060000001
US-2015-160857,127.764,127.79296999999961
CA-2016-156748,13.76,13.758902000000157
CA-2016-145919,183.84,183.97212200000143
CA-2016-158211,104.58,104.6487139999998
CA-2014-153913,1013.832,1014.3795870000084
US-2016-134656,99.136,99.229913999999
CA-2017-117457,28.35,28.386099000000225
US-2017-132444,8.448,8.443574000000124
CA-2017-131828,963.136,961.2966184000002
CA-2017-143798,310.88,310.71974600000283
CA-2017-159352,69.93,69.93809800000004
CA-2014-156244,158.928,158.87677199999868
CA-2016-121370,48.576,48.57701000000031
CA-2017-120705,147.184,147.1347839999991
CA-2014-155264,117.576,117.57970799999981
CA-2015-143616,99.2,99.20815399999837
CA-2016-113600,2.214,2.2108819999999962
CA-2016-130638,282.84,282.92565800000057
US-2015-144771,53.04,53.03539200000053
US-2017-153948,41.4,41.38662600000043
CA-2014-149104,26.7,26.697416000000143
CA-2014-146500,95.94,95.96868200000088
CA-2017-118136,8.82,8.819643999999919
CA-2014-134551,43.512,43.51751600000003
CA-2014-125136,96.256,96.23922800000044
CA-2017-138870,50.32,50.351779999999565
CA-2017-100223,332.028,331.87778399999945
CA-2017-101182,12.96,12.959996999999701
CA-2017-110310,5.607,5.603906999999984
CA-2015-143105,184.66,184.6640920000019
CA-2017-159135,4.3,4.304456000000013
CA-2017-163335,40.29,40.273554000000466
CA-2014-160766,68.46,68.48105999999959
US-2016-133879,528.43,528.2300695999985
US-2017-147669,158.928,158.8876579999989
CA-2017-161102,56.56,56.5488819999993
CA-2016-157217,389.97,390.03922299999374
CA-2017-146185,31.744,31.74481199999964
CA-2014-131009,18.84,18.85156300000002
CA-2017-131807,435.168,435.36524700000547
US-2016-161396,205.176,205.11481419999927
CA-2017-109701,9.024,9.01362600000008
CA-2015-110632,33.82,33.80731800000017
CA-2017-169474,32.67,32.6898179999998
CA-2015-116638,4297.644,4278.420179999987
CA-2016-100244,271.984,271.91806999999955
US-2016-138408,1319.96,1321.381660999999
CA-2016-142405,389.97,390.0321159999929
CA-2016-149979,118.25,117.84985800000075
CA-2016-136770,259.896,259.80070300000125
CA-2016-110982,21.552,21.56614400000006
CA-2016-100300,4476.8,4513.353650999954
CA-2016-133368,315.776,316.12504400000046
CA-2017-136497,13.71,13.709319999999968
CA-2017-166093,23.36,23.35588800000026
CA-2017-134845,2549.985,2562.1771112000292
CA-2016-161207,27.93,27.93254600000015
CA-2017-163405,6.63,6.630070000000089
CA-2017-114055,96.08,96.07305800000115
CA-2015-119508,25.08,25.03836200000005
CA-2017-110884,25.92,25.913347999999754
CA-2015-112130,844.116,844.0507200000089
US-2014-117163,57.23,57.324144000000324
CA-2015-111164,85.14,85.1995299999997
CA-2017-164707,9.82,9.81893799999989
CA-2017-117324,178.11,178.13668599999886
CA-2017-127726,195.68,195.64265600000334
CA-2016-120530,658.746,658.8077200000076
US-2014-143721,155.372,155.36600200000052
CA-2017-136511,347.58,347.8090870000002
CA-2014-144666,92.52,92.54592000000024
CA-2015-141243,398.4,398.39733000000473
CA-2017-101210,9.728,9.72691400000002
CA-2015-135363,5.232,5.233019999999977
CA-2016-135965,128.34,128.39933399999947
CA-2015-148180,23.136,23.122563999999976
CA-2017-152583,251.006,252.06949000000247
CA-2017-137414,17.46,17.460063999999687
CA-2017-104913,74.95,74.97092399999985
CA-2016-165470,5.08,5.088177999999983
CA-2014-126403,1325.85,1323.0644840000075
CA-2016-166443,38.29,38.25693600000029
CA-2015-162887,715.2,715.9448400000005
CA-2014-100706,29.46,29.475064000000444
CA-2014-148614,19.3,19.313697999999924
CA-2015-156146,105.584,105.56874400000073
CA-2016-119865,36.56,36.565908000000114
CA-2017-154074,569.568,569.2125940000006
CA-2016-154081,222.384,222.37468199999904
US-2017-163657,236.528,236.41028599999981
CA-2017-111220,5.588,5.583206999999946
CA-2014-146500,25.3,25.31113199999967
US-2015-116981,1085.42,1085.5079700000085
CA-2016-150007,6.0,5.992234000000003
CA-2017-104864,20.232,20.231962000000014
CA-2015-100251,31.5,31.50160800000028
CA-2016-105081,1747.25,1735.2316480000081
CA-2014-109127,17.28,17.285446000000046
CA-2017-141117,39.072,39.07092400000019
CA-2015-111780,17.94,17.94000000000004
CA-2016-119025,490.32,489.63454999999647
CA-2015-124450,22.74,22.751746000000153
CA-2014-138527,166.84,166.6156660000005
CA-2017-104731,19.68,19.65752800000008
CA-2017-157966,29.76,29.760172000000306
CA-2017-112809,200.064,199.95123600000116
US-2017-142188,1471.96,1475.9426680000138
CA-2017-143259,52.776,52.75315000000034
CA-2016-138478,35.88,35.873206
CA-2015-123155,359.88,359.9645099999966
US-2014-114188,33.28,33.28814200000019
CA-2014-131450,76.12,76.12260400000024
CA-2015-118444,387.136,387.2090019999975
CA-2016-115756,12.22,12.220232999999954
CA-2014-162089,251.944,251.9229500000015
CA-2017-105823,487.96,488.3802639999991
CA-2016-126732,94.68,94.7559500000007
CA-2014-115812,1706.184,1703.4136160000055
CA-2017-164378,664.146,663.5771140000002
CA-2014-128209,4007.84,4096.094140999992
CA-2014-118339,19.68,19.657540000000083
US-2017-162208,2.896,2.8942460000000154
CA-2015-149587,53.34,53.37321199999991
CA-2017-112809,21.38,21.37521800000014
CA-2017-135419,486.368,485.86984000000405
CA-2014-126480,8.56,8.559467000000145
CA-2016-125164,20.368,20.371654000000014
CA-2015-144722,43.13,43.12585399999993
CA-2016-146633,1016.792,1018.0317000000084
CA-2016-110772,86.97,87.07363400000081
CA-2016-101672,915.136,914.7895635000114
CA-2014-109890,35.98,35.97811200000004
CA-2015-156510,6.7,6.6902499999999705
US-2017-147655,88.074,88.00110040000011
CA-2014-145254,40.7,40.69424500000001
CA-2016-118500,49.5,49.538267999999654
CA-2015-161795,3.008,3.003719999999982
CA-2017-150266,67.84,67.8361059999998
CA-2015-122210,152.991,152.76783599999857
CA-2016-110254,109.8,109.83231399999899
US-2017-106145,35.88,35.87461200000001
US-2017-132206,5.936,5.94067999999994
CA-2015-154900,22.72,22.715982000000135
US-2015-115238,6.48,6.47999999999985
CA-2017-128965,10.9,10.899641999999815
US-2017-167920,146.45,146.4891239999992
CA-2016-118311,450.0,449.63777399999947
CA-2014-103317,213.216,213.10681399999865
CA-2017-120936,481.32,481.3679000000046
CA-2017-156363,31.68,31.6792520000002
CA-2015-155306,323.37,323.1756119999988
CA-2017-119809,65.94,65.96880800000027
CA-2016-128671,32.4,32.40000000000059
CA-2017-130036,12.672,12.673957000000065
CA-2017-106859,90.8,90.8398820000006
CA-2017-122798,118.25,117.85262400000039
CA-2016-165561,25.35,25.3410139999998
CA-2015-145324,39.96,39.96052399999936
US-2016-146066,815.292,813.4245780000082
CA-2014-104773,60.416,60.421135999998974
CA-2015-158701,87.36,87.27655800000045
CA-2015-163181,287.91,287.90847400000115
CA-2017-127180,63.9,63.901446000000064
CA-2016-112123,479.95,479.9514980000013
CA-2016-108616,25.92,25.919125999999444
US-2014-161305,13.984,13.979021999999718
CA-2015-140410,42.6,42.60419799999941
CA-2016-137337,69.456,69.46351899999945
CA-2015-153878,57.75,57.72623000000015
CA-2017-161809,160.776,160.8608319999993
CA-2014-147298,230.28,230.28176399999938
CA-2015-106208,53.088,53.03372600000056
US-2014-134733,83.984,83.98388999999868
CA-2016-158694,5.184,5.181544000000087
CA-2015-119291,4.896,4.896763999999995
CA-2016-146437,39.68,39.67153200000035
CA-2017-147032,849.95,850.8605619999984
CA-2017-128265,1247.64,1247.0798302
US-2016-127334,87.168,87.15696000000075
CA-2016-125017,132.224,131.96896000000072
CA-2016-152163,58.34,58.33181999999912
CA-2017-166695,518.272,517.2192570000021
CA-2015-149748,8.28,8.272089999999942
CA-2017-148810,13.872,13.872751999999853
CA-2017-140186,46.672,46.681180000000104
CA-2017-151218,4.464,4.461623999999967
CA-2017-160724,34.5,34.49356600000008
US-2017-105830,156.512,156.60346399999955
US-2017-125647,73.176,73.20278399999933
CA-2017-141446,18.0,17.990759999999906
CA-2014-110555,217.44,217.6500300000012
CA-2017-156776,51.75,51.753535999999976
CA-2017-152912,544.38,543.9392539999994
US-2016-163461,76.864,76.81372800000067
CA-2017-143329,41.37,41.36863800000029
US-2015-153374,479.952,479.95654999999715
US-2017-156356,26.046,26.044489999999616
CA-2014-104829,21.98,21.98641399999988
CA-2016-159009,13.216,13.2139720000001
CA-2014-149958,45.696,45.68332000000073
CA-2014-138317,44.416,44.427650000000014
CA-2014-137092,505.32,504.6963060000024
US-2014-134971,12.462,12.457879999999978
CA-2016-126004,1.728,1.7258140000000037
CA-2015-124975,796.425,795.9718640000057
US-2016-104815,198.744,198.57043000000115
US-2014-140452,214.95,215.12226399999764
US-2017-109484,5.682,5.686760000000044
CA-2015-104129,105.98,105.9867440000006
CA-2016-106950,1012.68,1011.9984550000099
CA-2017-152695,10.86,10.856490000000013
CA-2016-164896,12.9,12.904100000000033
CA-2017-153843,465.16,464.9931839999945
US-2016-169040,35.89,35.885384000000045
CA-2017-117821,63.92,63.92163199999997
CA-2017-105620,21.0,20.968615999999766
CA-2016-114972,217.584,217.87381800000176
CA-2014-106726,1261.33,1260.4060950000003
CA-2014-122931,409.272,409.32279120000504
US-2016-105452,24.7,24.689628000000035
US-2015-131359,15.488,15.482988000000088
US-2016-135923,14.272,14.281160000000066
CA-2015-104346,54.92,54.90918399999961
CA-2016-118689,34.37,34.410542000000305
CA-2016-140746,181.797,181.87213799999864
CA-2014-159709,158.13,158.05646000000067
US-2016-108455,25.92,25.9199999999994
US-2016-126452,254.97,254.96844000000044
CA-2016-165330,50.22,50.18064599999996
CA-2014-165393,4.984,4.983228999999981
CA-2016-116596,33.48,33.48851599999986
US-2016-144211,108.576,108.57732899999905
CA-2015-137281,6.48,6.478751999999857
CA-2014-143336,213.48,213.3585879999983
CA-2014-149244,35.34,35.34674999999996
CA-2016-164483,17.456,17.45808399999977
CA-2016-163202,2.907,2.9120160000000044
CA-2016-101525,19.44,19.439999999999934
CA-2017-117646,6.672,6.673901999999888
CA-2017-139353,77.952,77.93574199999966
CA-2014-151995,11.52,11.520240000000273
CA-2017-107321,6.672,6.6745429999998835
CA-2017-152093,762.594,761.0429379999946
CA-2016-151155,15.42,15.412830000000127
CA-2014-166863,11.648,11.647403999999844
CA-2016-120873,290.98,290.9592260000003
CA-2017-160031,74.352,74.36501599999927
CA-2016-162726,10.368,10.368000000000222
CA-2014-146969,8.72,8.719548000000014
CA-2016-102456,170.88,170.99912000000026
CA-2016-140501,3.96,3.9669020000000024
CA-2017-116519,904.9,905.8762734999985
CA-2016-101672,8.56,8.559530000000148
CA-2016-168032,626.1,626.253205100001
CA-2016-128517,517.9,517.1785710000031
CA-2017-126067,5.56,5.56001600000007
CA-2015-121720,3.768,3.7596960000000683
CA-2015-108259,39.879,39.87882200000009
CA-2017-108112,220.064,219.90657559999855
CA-2015-156923,35.88,35.88026800000007
CA-2017-117947,88.02,88.00508800000028
CA-2014-122609,25.128,25.12173600000008
US-2017-167920,1399.98,1399.6768919999897
CA-2016-164490,9.248,9.248091999999803
CA-2016-116918,5.388,5.391667999999967
CA-2016-169103,1363.96,1363.9323055999841
CA-2017-110842,10.89,10.89835199999991
CA-2017-131828,88.776,88.77438799999892
CA-2016-154018,6.286,6.2833140000000185
US-2016-146710,3.528,3.5294740000000013
CA-2015-169397,72.704,72.70738399999952
CA-2016-103982,3930.072,3977.344741000007
CA-2015-138009,161.82,161.90405600000088
CA-2017-102204,933.262,934.2088970000087
US-2015-138919,344.22,344.2957449999962
CA-2016-139395,13.9,13.901955999999858
CA-2016-117583,204.95,204.94923200000122
US-2014-138247,62.85,62.8161400000002
CA-2014-155390,42.208,42.239621999999855
CA-2015-154284,51.756,51.74578999999991
CA-2017-156776,11.952,11.952135999999896
CA-2015-100818,3.564,3.5641559999999646
CA-2016-129714,4355.168,4379.714462999999
CA-2017-112529,718.116,717.7857419999964
US-2017-105998,1673.184,1681.1115019999938
CA-2017-152975,589.41,589.0136559999956
CA-2015-121783,29.22,29.19450200000027
CA-2016-157749,11.688,11.678712000000152
CA-2017-115931,67.04,66.97480400000016
CA-2015-164882,17.45,17.458649999999754
CA-2017-154116,196.776,196.77071200000307
CA-2016-123946,11.34,11.339688000000098
CA-2014-168494,254.9745,254.7922079999997
CA-2017-107125,18.84,18.843216000000112
CA-2016-134110,15.232,15.238617999999837
CA-2014-136399,395.0,395.276546999999
CA-2015-126697,4.928,4.927871999999949
CA-2015-108665,124.95,124.85926400000048
CA-2015-149083,159.98,159.98091600000052
CA-2016-141523,34.248,34.2235640000005
US-2016-132577,2.088,2.0595309999999873
CA-2017-124716,110.96,110.96845200000145
US-2017-145863,2.934,2.9378500000000187
CA-2016-102792,9.84,9.841276000000079
CA-2016-139941,52.56,52.5561319999997
CA-2017-169978,271.764,271.81607199999814
US-2017-125717,54.384,54.36723199999979
US-2017-153633,2.064,2.055877999999991
US-2017-103226,27.18,27.181592000000148
CA-2017-113908,384.768,384.5757244000029
US-2017-108245,13.392,13.391723999999856
CA-2017-148404,222.384,222.38741999999868
CA-2014-107706,16.176,16.192503999999868
CA-2016-106243,523.92,524.011109999999
CA-2014-155264,18.75,18.749765999999987
CA-2016-132017,6.816,6.818720000000044
US-2014-158057,51.465,51.47353999999967
CA-2016-130162,93.06,93.00953400000063
CA-2016-152555,45.528,45.53196399999954
CA-2017-139822,59.98,59.979254000001085
CA-2016-159009,184.752,184.71041599999984
CA-2016-109820,2.628,2.6271600000000017
US-2014-164406,195.136,195.10282000000018
CA-2015-168564,6.608,6.6054740000000525
CA-2016-127243,12.672,12.672219000000048
CA-2015-144274,38.88,38.87831199999992
CA-2017-147144,19.83,19.81643600000005
CA-2017-143259,323.136,323.1860879999996
CA-2017-112900,478.24,478.04241800000176
CA-2016-138037,27.24,27.24246200000019
CA-2016-141957,99.488,99.50259800000035
CA-2014-159310,40.712,40.71113899999999
CA-2015-137925,681.408,681.0370120000022
CA-2017-100902,431.16,431.2969280000045
CA-2016-158778,887.271,886.969458000003
US-2017-148362,25.92,25.919959999999403
CA-2017-149181,47.992,47.99006799999907
CA-2016-140935,341.96,341.77171300000236
CA-2016-161746,340.92,340.6963500000011
CA-2017-163531,239.97,239.970040000001
CA-2016-113747,185.88,185.99116000000117
US-2015-103996,9.87,9.86391000000002
CA-2014-169019,8.88,8.870231999999994
CA-2015-127481,32.4,32.399280000000566
CA-2014-121573,48.896,48.89862600000058
US-2017-132297,539.97,540.0080419999933
CA-2017-114055,629.1,629.1420999999965
CA-2017-161102,36.96,37.008716000000035
CA-2014-151379,114.2,114.2039699999985
CA-2014-112837,127.95,127.95217099999859
CA-2016-145548,55.008,54.95031999999939
CA-2014-124429,359.32,359.3856800000044
US-2016-141264,185.376,185.4763199999984
CA-2017-134306,24.56,24.56004400000032
CA-2017-146493,53.9,53.9147299999994
US-2017-126060,198.272,198.2927259999994
CA-2014-142769,22.66,22.67504400000019
CA-2017-107132,28.4,28.404416000000346
CA-2014-139017,46.864,46.86634400000018
CA-2016-163986,54.5,54.429818000000466
CA-2016-134110,67.176,67.1457559999999
US-2016-112396,89.97,89.97316800000081
CA-2014-119144,344.91,344.90809399999705
CA-2015-123568,66.69,66.60564800000012
CA-2017-133487,152.94,152.769827999999
US-2015-154389,748.752,751.4394740000056
CA-2015-147011,13.632,13.606872000000156
CA-2015-155761,46.344,46.3592559999995
CA-2014-162775,11.36,11.35870600000004
US-2015-106873,16.464,16.44377199999997
US-2014-167262,742.336,744.5330779999978
CA-2016-126004,113.79,113.7487839999991
CA-2017-117044,20.544,20.558788000000156
CA-2014-132801,107.44,107.45276599999976
US-2014-159618,2.672,2.686061000000014
CA-2017-122490,8.64,8.640042000000104
CA-2017-143112,87.8,87.79070200000035
CA-2014-115357,62.91,62.92450999999989
CA-2017-121615,52.4,52.43740999999978
CA-2014-112158,883.92,883.7862490000027
CA-2015-145352,6354.95,6774.5624119999975
CA-2017-169859,43.7,43.702600000000174
CA-2016-162383,8.952,8.95783
CA-2014-167927,13.98,13.978599999999714
CA-2017-104024,9.408,9.405505999999974
CA-2016-133613,7.96,7.962907999999987
CA-2015-123232,319.968,319.9805179999963
CA-2015-102015,9.26,9.25946600000001
CA-2014-144414,6.24,6.241955999999878
CA-2017-112956,91.92,91.9397190000006
CA-2015-132276,26.88,26.87253600000015
CA-2017-130526,33.568,33.57671799999972
CA-2017-124296,479.97,479.97121199998907
CA-2017-146136,24.448,24.44551400000026
CA-2017-153080,68.46,68.45414799999953
US-2016-158288,78.759,78.77789960000024
CA-2014-146640,334.768,335.3834960000007
CA-2017-116127,400.784,400.4357140000015
US-2017-100048,281.34,281.3886100000003
CA-2014-151792,239.976,239.97576999999706
CA-2014-168494,764.688,763.9497759999963
US-2014-150434,20.88,20.875476000000166
CA-2015-137064,18.528,18.53345200000004
CA-2014-149538,12.96,12.9599999999997
CA-2014-153150,19.92,19.923921999999894
CA-2016-127236,158.376,158.356267999999
CA-2017-132122,228.92,229.18137600000196
CA-2016-107104,3406.664,3402.403466000036
CA-2016-106397,45.98,45.98233200000041
CA-2017-134845,20.736,20.735940000000436
US-2014-140914,10.984,10.984175999999952
CA-2015-146262,23.68,23.681668000000165
CA-2017-142643,152.65,152.66039999999876
CA-2015-133242,450.04,449.5202580000028
CA-2014-158540,151.72,151.76579399999957
CA-2016-162138,251.52,251.7317900000014
CA-2017-136308,1919.976,1920.6582679999997
CA-2016-126795,33.568,33.56849199999954
CA-2017-153045,887.271,886.9973170000026
CA-2015-137946,4.752,4.757524000000012
CA-2017-100111,80.991,80.96980200000044
CA-2017-169810,20.23,20.227738000000034
US-2014-157021,17.088,17.09216600000016
CA-2016-106383,72.294,72.27576400000027
US-2017-100930,5.328,5.336399999999975
CA-2014-101770,1.869,1.8762400000000172
CA-2015-115693,56.3,56.30284800000088
CA-2015-165162,1117.92,1117.8495700000105
US-2015-129007,717.72,717.3525869999927
CA-2015-117961,104.9,104.88836999999954
CA-2014-141278,21.4,21.39919600000013
CA-2017-152485,16.784,16.776141999999986
CA-2015-133452,710.832,710.3744240000002
CA-2017-126067,99.68,99.65489400000033
CA-2017-128699,47.992,47.98482799999922
CA-2014-140662,241.44,241.475630000001
CA-2016-110009,30.87,30.86346000000019
CA-2016-162159,121.78,121.73774200000014
CA-2017-104220,40.3,40.277512000000414
US-2014-128685,7.184,7.17879800000008
CA-2015-131128,34.44,34.434460000000115
CA-2014-168312,376.509,376.7705174999971
CA-2016-155992,69.9,69.94939000000046
CA-2016-140018,77.952,77.93859999999978
US-2016-111563,11.376,11.35957199999991
CA-2016-160941,419.9,419.6959400000021
CA-2016-113733,16.56,16.557746000000048
CA-2014-157623,3.38,3.384787999999998
CA-2014-110184,249.75,249.8082400000025
CA-2014-123925,40.05,40.02699199999965
CA-2016-100993,557.728,557.8232670000051
CA-2017-117457,1004.024,1004.6994280000063
CA-2017-143063,1454.49,1448.000519999997
CA-2015-145849,24.32,24.30852599999986
CA-2015-120446,18.9,18.899691999999973
CA-2015-151253,88.776,88.77241759999897
US-2017-102890,1044.63,1044.9721959999981
CA-2017-101700,18.688,18.690953999999987
CA-2015-132941,32.368,32.38920600000044
CA-2014-169684,328.59,328.55949060000324
US-2016-159856,307.92,307.7702375000021
CA-2017-166695,343.2,343.29616999999985
CA-2015-124058,72.744,72.76695199999983
CA-2017-152912,9.64,9.639498000000032
CA-2017-144589,24.2,24.202717999999656
US-2017-102183,32.088,32.06085999999999
US-2016-131149,338.04,337.82119599999896
CA-2017-151176,25.02,25.038081999999978
CA-2016-169824,60.35,60.335721999999386
CA-2016-168354,1606.23,1602.3517919999902
CA-2016-114209,82.656,82.64679399999952
CA-2016-160234,135.95,135.97465400000038
CA-2016-147585,14.82,14.818389999999841
US-2016-115819,73.2,73.21778599999904
US-2015-106495,11.672,11.673065000000111
CA-2015-164882,398.352,398.51322300000686
CA-2015-135314,269.982,269.7938580000017
CA-2015-132486,842.352,842.8013300000025
CA-2016-132066,142.182,142.0584359999995
US-2014-137869,6.12,6.122099999999903
CA-2015-100216,54.816,54.803499999999666
CA-2016-111493,98.16,98.164188000002
CA-2016-136301,4912.59,4920.733330000015
CA-2017-138464,18.24,18.241056
CA-2015-117611,371.97,371.9456739999949
CA-2017-127285,13.904,13.90267000000025
CA-2015-168459,55.104,55.233950000000014
CA-2016-163328,629.184,629.0775360000017
US-2016-146710,55.168,55.23406599999999
CA-2014-113887,55.48,55.47579200000071
CA-2015-130792,23.832,23.844087999999843
CA-2017-127096,300.904,300.88973319999957
CA-2017-130141,3.168,3.1659200000000074
CA-2014-119977,123.92,123.91816599999864
CA-2015-163965,7.23,7.231449999999876
CA-2015-111234,9.24,9.241817999999828
CA-2016-144785,6.99,6.987465999999961
CA-2014-151001,52.096,52.07318999999936
CA-2014-133543,11.76,11.759352000000174
CA-2014-138317,3.984,3.9836159999999508
CA-2017-166093,13.92,13.911152000000149
CA-2014-141355,14.576,14.572181999999824
CA-2017-144498,68.541,68.49303199999964
CA-2016-147256,449.97,449.6297239999992
US-2016-134488,155.372,155.38315000000097
CA-2017-124436,30.93,30.964453999999453
CA-2015-146290,125.93,125.94627600000123
CA-2014-102673,47.808,47.801
CA-2017-121083,195.64,195.6506500000034
CA-2016-157714,9.99,9.978507999999982
CA-2016-119445,14.9,14.897433999999762
CA-2014-166954,303.25,302.88294600000086
CA-2015-141327,6.048,6.0585759999998805
CA-2014-118339,35.88,35.87871200000006
US-2017-141677,32.232,32.28623200000003
CA-2015-130848,582.336,582.4819980000035
CA-2017-134565,18.288,18.277836000000114
CA-2017-125745,19.52,19.53218800000028
CA-2014-101476,69.99,69.9871740000009
CA-2017-140844,103.12,103.14661899999956
US-2016-117793,1.98,1.9847340000000133
CA-2014-116757,21.312,21.309094000000037
CA-2015-108588,17.48,17.477829999999702
US-2016-127971,318.43,318.4198899999977
US-2014-115189,251.964,252.27551600000007
CA-2017-150910,26.16,26.166897999999843
CA-2014-120544,6.368,6.369740000000039
US-2017-136721,306.9,307.3721520000018
US-2017-157896,146.82,146.82490000000323
CA-2016-161816,15.712,15.7064219999999
US-2014-150119,281.372,281.40961400000054
CA-2017-109099,40.99,40.9893340000002
CA-2015-120845,10.48,10.478215999999897
US-2017-104661,47.984,47.98414999999925
US-2014-164763,12.96,12.9599999999997
CA-2016-114405,36.744,36.77896799999978
CA-2017-100650,1295.78,1295.0736539999928
US-2015-126977,87.71,87.70890200000076
CA-2017-135307,38.04,38.027766000000156
CA-2017-110905,24.9,24.898204000000263
CA-2017-150091,40.48,40.4801640000002
CA-2017-135279,191.6,191.51232850000204
US-2017-123204,17.48,17.477595999999753
CA-2017-137428,97.184,97.19778799999978
CA-2016-144764,29.24,29.234950000000538
CA-2017-158379,4663.736,4582.320821999964
US-2017-141558,12.294,12.29551899999996
CA-2017-148691,3.15,3.150638000000053
US-2014-138247,818.376,821.6035359999972
CA-2015-112144,5.904,5.903260000000132
CA-2017-142671,11.52,11.51942400000027
CA-2015-120915,293.52,293.77131099999826
US-2017-169502,91.6,91.73690199999906
CA-2017-109960,14.94,14.94006000000013
CA-2017-133046,23.88,23.884454000000037
US-2016-110156,40.968,40.982554000000114
CA-2015-124107,29.403,29.340536000000256
US-2014-104759,8.134,8.134025999999938
CA-2017-121818,23.968,23.980112000000073
US-2015-130519,15.712,15.70185599999991
CA-2014-152233,99.98,99.98054999999962
CA-2016-107328,487.92,488.20023799999893
CA-2014-139598,227.136,227.47265099999882
CA-2016-162390,222.352,222.4002580000027
CA-2016-116596,40.67,40.68342700000004
CA-2016-126935,9.584,9.577966000000009
CA-2016-140081,29.718,29.69746400000044
CA-2017-161956,841.568,842.3838459999968
CA-2016-169215,29.61,29.58310799999997
CA-2017-102946,75.792,75.85095400000033
CA-2016-148852,45.36,45.36029600000045
CA-2015-106187,27.42,27.420165999999533
CA-2016-118934,4.338,4.342220000000034
CA-2017-162789,12.07,12.068603999999949
CA-2017-132955,102.93,102.93452999999992
CA-2014-133809,9.588,9.572748000000013
CA-2017-115427,20.72,20.72860000000007
CA-2014-169803,653.55,652.9510480000016
CA-2014-127964,9.99,9.978683999999932
CA-2015-148705,5.04,5.040085999999969
CA-2017-169978,14.376,14.364774000000246
CA-2016-122392,11.648,11.648123999999866
CA-2015-125234,107.97,107.96959400000047
CA-2017-121195,264.32,263.7711489999988
CA-2017-100636,272.94,272.9128240000016
CA-2016-111682,14.56,14.563988999999877
CA-2017-111808,10.8,10.804775999999999
CA-2017-121300,239.976,239.97792599999735
CA-2017-110905,24.18,24.178727999999694
US-2015-138121,29.52,29.532570000000312
US-2016-107440,9099.93,9089.280085999988
CA-2016-108882,377.928,377.85477799999643
CA-2014-102652,19.44,19.439999999999934
CA-2014-118976,5.34,5.349000000000024
US-2014-105137,101.994,101.98385699999919
CA-2015-113131,17.12,17.12342399999998
CA-2014-103989,26.16,26.16600599999986
US-2017-119438,2.688,2.692746999999998
CA-2015-123092,105.584,105.55726600000054
CA-2014-156594,47.3,47.32714800000005
CA-2017-161970,17.94,17.940270000000037
CA-2016-105207,1592.85,1592.782783999989
CA-2014-130729,34.272,34.22693400000046
CA-2017-138289,56.07,56.03490799999928
CA-2014-106572,264.32,263.7823799999989
CA-2015-134859,64.944,64.95971199999931
CA-2015-149748,62.18,62.25107399999989
CA-2016-103919,38.08,38.093208000000224
CA-2017-119011,17.22,17.220681999999858
CA-2017-157672,63.824,63.831545999999655
CA-2014-149020,51.94,51.96930599999995
CA-2014-159835,12.448,12.42624499999998
CA-2016-133795,772.47,772.1430399999892
CA-2015-118871,271.44,271.60013600000076
CA-2017-102197,34.02,34.01974400000012
CA-2014-138317,24.896,24.89680800000027
CA-2014-117317,13.44,13.43966199999986
US-2016-139087,24.75,24.782653999999884
CA-2015-165624,21.4,21.397084000000124
CA-2016-141957,66.688,66.62214000000031
CA-2016-120796,99.846,99.9250679999997
CA-2015-140718,159.84,159.85872400000045
CA-2017-130148,7.3,7.299606000000095
CA-2015-103135,90.06,89.98961100000011
US-2017-136679,45.04,45.03682000000032
CA-2016-137050,8.544,8.54392099999995
CA-2015-123113,2625.12,2610.1517200000185
CA-2017-168641,12.96,12.9599999999997
CA-2016-125738,71.6,71.63346599999969
US-2015-119312,270.34,270.2648719999984
CA-2016-145240,10.784,10.777765999999936
CA-2017-167976,25.5,25.492878000000033
CA-2017-104619,110.352,110.36342599999998
CA-2014-165309,148.48,148.47790600000005
CA-2017-123638,191.646,191.4980590000014
CA-2017-135076,436.704,436.41780200000824
CA-2017-117947,9.94,9.940271999999943
US-2016-140172,13.9,13.901013999999856
US-2017-159562,17.48,17.4781539999997
CA-2016-158001,1040.8,1039.2709339999972
CA-2017-131492,24.368,24.392724000000175
CA-2014-162775,5.64,5.642532000000048
US-2015-122910,201.584,201.58425500000195
CA-2017-144484,32.36,32.37451000000026
CA-2015-146038,203.92,203.8758488000014
CA-2014-146969,686.32,686.5713940000093
CA-2017-124765,723.92,724.1344869999974
CA-2014-115133,16.704,16.708451999999944
CA-2016-109869,23.56,23.547499999999985
CA-2017-128629,18.84,18.84271000000011
CA-2017-108000,9.78,9.775532000000004
CA-2014-101931,480.74,481.256076000003
CA-2014-120544,34.176,34.20583000000041
CA-2015-109386,186.54,186.58837200000056
CA-2014-146283,966.7,965.8598048000019
CA-2017-152135,445.44,445.87315400000824
CA-2017-100622,4.086,4.071073999999969
CA-2017-118199,104.28,104.23281199999899
CA-2014-134621,18.24,18.238911999999978
CA-2016-112256,175.92,175.7643145000012
CA-2017-126956,15.28,15.279340000000253
CA-2014-149524,61.96,61.95808499999962
CA-2014-114510,62.048,62.0197750000009
US-2017-117723,1801.632,1801.3028319999878
CA-2014-148614,19.36,19.355262000000092
CA-2016-121671,265.17,265.6901289999993
CA-2016-130638,27.72,27.716178000000106
CA-2016-169957,236.88,237.130101999999
CA-2017-134649,15.47,15.4838479999999
CA-2016-122448,122.352,122.29961999999917
CA-2014-143336,22.72,22.71261400000016
CA-2016-140438,197.97,197.9279780000006
CA-2014-104780,31.84,31.85074999999987
CA-2016-149965,6.9,6.89617799999999
US-2017-135503,14.76,14.758640000000156
CA-2015-164336,34.8,34.782072000000205
CA-2015-138898,845.728,844.8090560000061
CA-2015-118955,27.216,27.209714000000233
US-2016-156986,10.368,10.367952000000221
US-2014-118486,116.784,116.85005400000009
CA-2015-169397,19.776,19.752988
CA-2016-125920,3.798,3.805839999999927
CA-2014-100881,302.376,302.3766399999946
CA-2016-140382,19.98,19.9841579999998
CA-2017-161984,7.61,7.60669799999994
US-2015-159499,325.632,325.43557439999927
CA-2017-142328,50.04,50.03643999999994
CA-2017-107132,102.368,102.3524140000006
CA-2014-166051,659.97,659.9119880000121
CA-2017-152807,20.736,20.735988000000443
CA-2016-121993,23.616,23.64733600000011
CA-2014-107524,36.4,36.40722800000036
CA-2016-152730,49.76,49.799716
CA-2014-117639,2715.93,2676.3228520000007
CA-2015-121783,74.76,74.69996799999961
US-2016-150861,542.646,543.0647499999974
CA-2015-118955,28.752,28.74804600000004
CA-2017-126662,479.984,479.9855579999978
CA-2016-163328,104.784,104.7788560000001
US-2015-107944,192.72,192.69630919999943
CA-2015-144519,63.98,63.980495999999114
CA-2017-128965,218.352,218.3559376000039
CA-2017-135111,2.48,2.48303
CA-2016-105732,17.61,17.618843999999953
CA-2016-109869,185.376,185.48453199999858
CA-2017-145429,16.34,16.372930000000096
CA-2017-159156,629.95,629.9053519999987
US-2015-126753,3.762,3.7604740000000643
CA-2014-104269,457.568,458.1265789999942
CA-2014-130421,176.772,176.87291100000175
CA-2017-165687,35.04,35.05417600000017
US-2014-109036,31.05,31.0500679999996
CA-2016-105018,7.16,7.160615999999912
CA-2015-124891,1090.782,1090.121515999994
CA-2017-121615,14.94,14.94001200000013
US-2016-155768,31.96,31.963357999999964
CA-2016-108987,131.136,131.13467200000147
CA-2016-146150,264.18,263.81797899999907
CA-2017-167752,34.384,34.431014000000246
CA-2014-136399,44.46,44.45427799999945
CA-2015-136420,50.12,50.09018599999988
CA-2017-134838,44.67,44.689013999999496
CA-2017-145443,177.2,177.1661120000016
CA-2017-104080,3.36,3.3651020000000065
US-2015-120502,75.84,75.88147599999989
CA-2017-115602,1704.56,1705.77957600002
CA-2015-140830,71.88,71.91456599999954
CA-2015-115798,299.97,299.9663759999991
CA-2016-111682,30.0,29.995450000000375
CA-2017-161774,46.2,46.23769599999987
CA-2017-140585,46.672,46.681742000000106
CA-2017-137449,21.392,21.39712399999994
CA-2014-124023,8.96,8.960197999999968
CA-2017-106033,87.92,87.93421999999883
CA-2016-129693,7.312,7.302558000000015
CA-2017-122175,87.4,87.39695000000025
CA-2014-106439,12.39,12.390846999999912
CA-2017-103212,11.07,11.069573999999868
CA-2017-127313,37.392,37.390338000000035
CA-2017-125290,13.9,13.901061999999865
CA-2015-137113,114.2,114.23470199999902
CA-2014-140396,833.94,833.4753420000042
CA-2014-154599,438.368,438.2570240000028
US-2017-124926,9.324,9.33253899999999
CA-2017-135034,95.984,95.98629599999865
CA-2016-130400,27.96,27.964262000000215
CA-2017-159506,158.28,158.23148999999958
CA-2014-166961,37.056,37.01864600000009
CA-2014-125171,14.4,14.401278999999763
CA-2014-129364,52.68,52.70115400000031
CA-2017-137085,312.552,312.63276200000047
CA-2016-113082,40.48,40.48062500000023
CA-2016-117849,143.7,143.6809759999995
CA-2015-134992,32.4,32.40000000000059
CA-2014-122679,19.68,19.66163000000012
US-2015-130519,24.672,24.671967999999797
CA-2017-137463,5.984,5.983179999999982
CA-2017-111689,68.472,68.47699600000048
CA-2017-108574,79.92,79.940857999999
CA-2015-167696,31.12,31.103371999999712
CA-2017-135937,333.576,333.30912400000074
CA-2016-140571,319.76,319.8609760000011
CA-2016-138667,40.0,39.99063999999945
CA-2015-119480,42.76,42.768505999999924
CA-2017-103443,166.72,166.60579600000068
CA-2015-130204,31.44,31.423172000000033
CA-2016-165148,31.4,31.41178400000017
CA-2017-143343,16.4,16.400117999999807
CA-2016-148852,371.976,372.0053099999965
CA-2015-121783,715.64,715.3413380000069
CA-2015-101007,20.8,20.795859999999955
CA-2016-144015,231.72,231.94088000000056
CA-2015-149650,454.272,454.71718199999833
CA-2017-158106,8.64,8.640012000000105
CA-2014-162362,11.52,11.520288000000265
CA-2017-169999,11.568,11.562135999999978
CA-2014-134215,101.96,101.94944600000062
CA-2015-139731,2453.43,2434.972441999997
US-2015-101399,254.744,254.68188400000108
CA-2017-130631,19.6,19.604794000000116
CA-2017-138422,14.352,14.352460000000276
CA-2015-104129,493.92,493.9773919999937
CA-2014-141110,7.312,7.305707999999981
CA-2015-119291,200.984,201.15791799999997
CA-2015-125710,3.44,3.437807999999999
CA-2014-123400,180.96,180.91162000000023
CA-2017-113705,206.1,206.07845940000055
CA-2017-128965,274.89,274.7884049999975
CA-2016-145919,38.88,38.87892399999989
CA-2014-124688,579.95,579.4258140000031
US-2014-120236,7.68,7.688866000000008
CA-2014-100706,99.98,99.98046999999957
CA-2017-158036,9.096,9.10063000000004
CA-2017-102519,143.73,143.68866000000025
CA-2017-114412,15.552,15.551999999999778
CA-2017-140949,107.44,107.43976799999957
US-2017-104451,81.08,80.96103999999993
CA-2016-112389,11.67,11.672659000000095
CA-2017-131954,84.98,84.99027799999989
US-2016-114293,195.136,195.10282000000018
CA-2015-125934,8.92,8.925331999999994
CA-2017-147277,284.364,284.21036000000123
CA-2017-116946,13.36,13.35221199999997
CA-2015-115091,46.2,46.23602599999997
CA-2015-156482,5.68,5.6793050000000305
CA-2016-162726,23.68,23.68078200000015
CA-2014-165309,1.234,1.2450470000000184
US-2017-133361,89.97,89.96973700000079
CA-2015-117415,113.328,113.35142600000131
US-2015-110261,158.376,158.34138199999907
CA-2016-101448,56.82,56.8534520000002
CA-2016-144309,18.54,18.53985600000038
CA-2017-121258,29.6,29.592935999999707
CA-2015-130855,6.36,6.370844000000095
CA-2016-105760,17.12,17.122208000000146
CA-2015-130456,586.398,585.6547000000061
CA-2017-151981,824.95,824.7094139999914
CA-2017-102925,11.424,11.419872000000087
CA-2015-165554,10.86,10.859164000000028
CA-2014-137351,43.176,43.17562999999981
CA-2017-163265,18.368,18.36675599999992
CA-2016-145261,112.776,112.80371600000113
CA-2014-132500,49.98,50.00518199999991
CA-2015-134894,152.94,152.74471599999887
CA-2015-165057,181.35,180.93850400000036
CA-2014-167199,755.96,754.4563060000032
CA-2016-159212,21.8,21.79938399999984
CA-2014-125997,629.95,629.9165019999989
CA-2015-135853,175.23,175.3442375000013
CA-2014-131051,58.2,58.174897999999835
CA-2015-166219,103.481,103.48861499999975
CA-2017-112431,435.84,435.8696150000053
CA-2017-140872,110.4,110.3541620000005
US-2016-100839,24.96,24.957763999999678
CA-2016-107790,151.192,151.1658459999991
CA-2014-159835,657.93,657.8438200000054
CA-2014-160157,190.848,190.92505609999873
CA-2015-111339,41.568,41.567507999999755
US-2017-132381,314.532,314.36878600000347
CA-2014-158225,40.68,40.68275000000019
CA-2014-114517,53.316,53.29720399999981
CA-2015-169677,9.82,9.8198959999999
US-2016-113649,569.536,569.4310760000026
CA-2014-108609,1421.664,1419.9327560000104
CA-2017-134194,3.168,3.1670060000000104
CA-2017-118199,199.98,199.97919000000152
US-2016-144211,15.48,15.486226000000096
CA-2017-109085,57.594,57.5742520000006
CA-2014-136399,627.168,626.9358195999986
US-2016-163258,11.232,11.228396999999939
CA-2016-129280,51.968,51.97171900000033
CA-2017-118892,4416.174,4375.659451999979
CA-2016-159912,163.88,163.88130400000026
CA-2015-130204,129.45,129.4944199999995
CA-2017-142867,10.272,10.272140000000125
US-2015-137533,20.736,20.735988000000443
CA-2017-134810,207.0,207.07837020000056
CA-2015-123505,14.94,14.940000000000133
CA-2014-160766,44.82,44.82054199999975
US-2016-168410,296.37,296.33289899999806
CA-2017-161578,13.36,13.359748000000128
CA-2014-131002,821.88,822.5347819999954
CA-2017-117632,7.77,7.761382000000088
US-2014-148838,34.86,34.85372600000038
CA-2014-122931,55.44,55.458630000000404
CA-2017-131016,47.584,47.56668800000042
CA-2016-131835,162.64,162.75120800000127
CA-2017-143035,371.97,371.94931799999466
CA-2017-148810,273.552,273.6358780000003
CA-2017-118017,102.336,102.30792900000075
CA-2015-132626,43.68,43.63964000000014
US-2016-143280,10.65,10.64693799999992
CA-2016-160304,231.98,232.09497800000003
CA-2015-107685,25.92,25.9199999999994
CA-2014-158029,225.296,225.31973100000113
CA-2017-160927,14.91,14.907169999999864
CA-2017-105333,83.56,83.5130099999991
US-2017-161935,239.456,239.41760800000011
CA-2017-150910,46.864,46.86639600000017
CA-2016-108644,1.964,1.9689000000000016
CA-2017-105410,19.824,19.813568000000064
US-2016-155768,47.9,47.907918000000166
CA-2014-118339,47.18,47.171648000000104
CA-2016-112256,5.184,5.18398400000011
CA-2016-159023,4.158,4.157113999999947
CA-2017-106355,11.12,11.119024000000133
CA-2016-132997,116.82,116.8937799999999
CA-2014-120474,2807.84,2805.60761899998
US-2014-150924,5.18,5.176182000000047
CA-2017-130211,333.09,332.97508000000136
CA-2017-163265,50.352,50.3483099999996
CA-2017-111738,9.12,9.117288000000029
CA-2015-136728,170.072,170.1198579999992
CA-2017-125913,27.92,27.927147999999875
CA-2017-131212,14.976,14.978504000000004
CA-2016-127649,837.6,837.9976239999935
CA-2016-165316,35.216,35.20497599999998
CA-2015-120621,962.08,960.5490588000035
CA-2014-126760,911.984,912.3230895000016
CA-2016-102134,16.74,16.741247999999867
US-2016-152051,422.058,422.3677299999984
CA-2015-153612,17.12,17.125808000000088
US-2017-130953,302.67,302.71950800000104
US-2014-104759,79.984,79.98335599999918
CA-2014-123253,3.912,3.912325999999952
CA-2015-125234,113.82,113.83256599999905
CA-2017-162096,7.8,7.783612999999962
CA-2017-146269,290.336,290.7397240000007
CA-2015-166492,22.58,22.580240000000387
CA-2017-168396,51.75,51.751820999999936
CA-2015-136798,377.97,377.9520119999926
US-2016-114013,386.68,387.0938059999976
CA-2014-117464,236.5,235.99579400000076
CA-2014-101560,85.96,85.97635400000064
CA-2016-130946,431.928,431.89226400000626
CA-2016-128818,199.95,199.94990600000142
CA-2017-144883,50.4,50.36539199999962
CA-2015-113901,38.28,38.24450400000029
CA-2014-167927,247.716,247.81212879999617
US-2015-164448,427.42,427.4292559999978
CA-2016-112109,19.968,19.96093999999962
CA-2016-145177,4.624,4.623043999999934
CA-2014-158372,39.88,39.88115399999982
CA-2016-116799,42.784,42.7839
CA-2015-114048,29.22,29.197814000000292
US-2014-163797,49.792,49.81121000000007
CA-2017-160395,159.768,159.84813000000037
CA-2017-155873,192.16,192.1625260000021
CA-2016-124590,1537.074,1526.4704150000148
CA-2016-132899,3.64,3.6412219999999786
CA-2015-109708,467.04,466.9416659999952
CA-2017-117324,459.92,459.7040770000002
CA-2015-153220,15.7,15.700628000000112
CA-2014-150301,63.882,63.87372599999943
CA-2014-151295,11.96,11.959723999999753
US-2017-127292,542.94,542.9908579999998
CA-2016-136021,15.54,15.536680000000059
CA-2017-154116,54.32,54.348336000000295
CA-2014-149958,43.188,43.181717999999826
CA-2017-163818,19.98,19.983853999999848
CA-2016-129126,21.48,21.486095999999822
CA-2016-119165,492.835,492.64032399999365
CA-2014-146591,181.47,181.87085199999862
CA-2017-101210,3.424,3.426209999999983
CA-2017-128426,4.24,4.226284000000061
CA-2014-165540,8.85,8.854403999999953
CA-2016-149685,60.144,60.09109200000025
US-2016-139087,69.52,69.5159209999991
CA-2015-153717,160.98,161.04834199999908
US-2015-164448,9.728,9.727110000000012
CA-2016-126158,119.616,119.61486099999881
CA-2014-105340,6.928,6.920464999999965
US-2015-159499,23.344,23.33957599999999
CA-2017-117240,13.128,13.127090000000141
US-2017-156083,9.664,9.65847200000003
US-2015-147662,14.952,14.952889999999783
CA-2017-167381,241.96,241.9764919999989
CA-2015-124450,1379.92,1368.7331899999913
CA-2017-113278,159.8,159.7978119999998
CA-2016-117919,79.92,79.919623999999
CA-2017-157966,34.36,34.42179200000029
CA-2017-167150,19.936,19.933292000000026
CA-2016-166373,106.08,106.00840200000071
CA-2017-100622,10.688,10.687154000000085
CA-2014-127558,20.46,20.435097999999996
CA-2016-152800,6.12,6.122965999999919
CA-2017-140872,4.554,4.55333500000001
CA-2014-129574,48.4,48.42117000000053
CA-2016-128412,153.552,153.5608119999991
CA-2016-101161,37.94,37.939803999999846
CA-2014-107181,34.24,34.243406000000476
US-2017-136868,319.96,319.88807199999854
CA-2016-169943,35.92,35.907486000000056
US-2016-139087,12.42,12.418270000000064
CA-2017-151750,15.224,15.22750600000006
CA-2017-102925,164.688,164.775244000001
CA-2016-114713,45.584,45.566112
CA-2015-148495,31.56,31.561640000000516
US-2014-155817,6.192,6.210387999999922
CA-2017-105487,36.0,35.99827000000001
CA-2015-105970,10.16,10.158347999999894
CA-2016-109666,71.96,71.96608800000027
CA-2017-161333,139.04,139.36214
CA-2014-149055,62.808,62.80451800000031
CA-2017-118213,67.8,67.79420200000003
CA-2016-134803,131.6,131.61236200000081
CA-2016-112739,159.56,159.69274199999927
CA-2017-102771,84.95,84.98739800000008
CA-2014-105165,21.864,21.85862400000002
CA-2017-144848,41.22,41.266987999999785
US-2015-123960,32.4,32.40000000000059
CA-2017-104577,87.6,87.61433600000022
CA-2016-114489,1951.84,1928.1984360000115
CA-2017-123036,37.056,37.0315200000001
CA-2014-101833,34.44,34.435202000000125
CA-2014-106719,8.288,8.279483999999915
CA-2014-103590,62.28,62.2904239999997
CA-2017-115805,36.792,36.78589600000006
CA-2015-100454,186.048,186.1091280000002
CA-2014-141726,104.85,104.84904000000142
CA-2017-108112,339.136,338.8512540000021
CA-2014-141313,704.25,704.3780200000008
CA-2015-138954,34.944,34.94418800000011
CA-2017-139080,6.48,6.47999999999985
CA-2017-168641,167.96,167.99803000000017
CA-2016-162390,479.984,479.99681999999785
CA-2015-142944,1119.984,1119.794944000005
CA-2014-124856,1395.54,1400.5835279999962
CA-2015-141250,102.438,102.36117200000048
CA-2015-103177,128.85,128.84615800000185
US-2016-108504,342.37,341.83663800000204
CA-2015-125178,15.008,15.006353999999961
US-2017-112347,242.352,242.3653540000048
CA-2015-120845,2.469,2.4820609999999856
CA-2017-117324,27.52,27.524443999999693
CA-2016-145611,393.25,393.7232149999969
CA-2015-134859,20.736,20.735988000000443
CA-2015-113173,8.72,8.71907400000003
CA-2014-110527,20.88,20.87276800000009
CA-2017-161956,879.984,880.4653730000119
CA-2015-125423,9.96,9.95993999999988
CA-2017-128300,79.1,79.09639359999974
CA-2015-107685,80.96,80.9987560000002
CA-2017-134845,21.594,21.577981999999846
CA-2014-167164,55.5,55.47085400000043
CA-2017-146024,12.222,12.217096999999912
CA-2014-142587,121.792,121.7721259999991
CA-2017-119424,19.44,19.439999999999934
US-2014-134712,12.624,12.61932799999996
US-2016-131611,12.588,12.586467999999892
CA-2017-119809,1000.02,999.8350540000058
CA-2017-164364,9.96,9.960323999999876
CA-2016-140018,30.345,30.34234799999984
CA-2016-168753,979.95,979.3736979999856
US-2017-164147,21.456,21.457075999999926
US-2017-166688,1123.128,1122.9904680000038
CA-2016-125087,344.372,344.4160349999978
CA-2017-135279,9.82,9.820619999999876
CA-2015-136147,111.96,112.00519800000018
CA-2014-107139,180.96,180.928778
CA-2017-146192,675.06,674.8078879999971
CA-2015-149083,12.6,12.598865000000176
CA-2017-160423,348.208,348.0199730000014
CA-2015-132626,98.21,98.25451600000135
US-2014-143287,46.35,46.34482199999969
CA-2017-107293,2.78,2.7817540000000287
CA-2017-159457,16.68,16.67687600000014
CA-2015-161767,479.988,479.99662400000005
CA-2015-167010,352.45,352.211919000004
